RAW,164327,91,3625,3639,3546,3490,3401,3492,3446,182,3534,3482,3609,3467,3546
RAW,164347,95,3623,3646,3545,3488,3402,3493,3446,181,3534,3479,3611,3468,3547
RAW,164461,90,3626,3641,3546,3488,3402,3494,3446,182,3534,3480,3612,3469,3547
RAW,164481,92,3624,3639,3546,3488,3402,3494,3445,179,3534,3480,3611,3468,3547
RAW,164501,90,3626,3638,3546,3487,3402,3494,3446,180,3534,3479,3610,3470,3547
RAW,164611,89,3626,3640,3546,3488,3402,3494,3445,179,3534,3478,3619,3470,3546
RAW,164631,88,3626,3639,3546,3486,3402,3494,3445,181,3534,3479,3610,3468,3546
RAW,164651,91,3626,3637,3544,3487,3399,3494,3444,180,3534,3478,3610,3468,3546
RAW,164761,89,3625,3640,3546,3487,3402,3494,3446,181,3534,3479,3610,3470,3546
RAW,164781,92,3624,3639,3546,3488,3400,3494,3444,182,3534,3479,3610,3468,3547
RAW,164801,90,3626,3639,3545,3488,3402,3494,3446,180,3534,3479,3610,3470,3546
RAW,164911,92,3626,3648,3544,3490,3402,3493,3446,181,3534,3479,3609,3470,3546
RAW,164931,91,3624,3639,3545,3489,3402,3494,3446,183,3534,3478,3610,3468,3546
RAW,164951,90,3625,3639,3546,3486,3402,3494,3446,178,3534,3479,3610,3469,3547
RAW,165061,92,3623,3639,3546,3486,3399,3494,3444,181,3534,3478,3610,3470,3546
RAW,165081,91,3623,3639,3546,3487,3400,3494,3446,183,3532,3478,3610,3468,3547
RAW,165101,88,3626,3640,3546,3486,3401,3494,3444,177,3534,3478,3610,3468,3546
RAW,165211,90,3624,3640,3546,3486,3402,3495,3446,181,3534,3478,3611,3466,3546
RAW,165231,92,3625,3640,3546,3486,3401,3494,3444,183,3534,3478,3610,3467,3547
RAW,165251,90,3626,3638,3546,3487,3402,3495,3444,178,3536,3479,3610,3466,3546
RAW,165361,91,3624,3648,3545,3486,3402,3495,3446,184,3534,3479,3611,3467,3546
RAW,165381,94,3626,3641,3544,3486,3399,3494,3446,181,3534,3478,3612,3470,3546
RAW,165401,91,3626,3639,3546,3487,3402,3494,3447,182,3535,3480,3610,3468,3546
RAW,165511,92,3626,3641,3546,3486,3402,3494,3446,183,3534,3477,3611,3466,3546
RAW,165531,90,3624,3638,3544,3486,3403,3495,3446,167,3534,3480,3610,3467,3546
RAW,165551,87,3627,3640,3543,3486,3402,3495,3446,181,3534,3481,3610,3468,3547
RAW,165661,87,3626,3639,3544,3484,3400,3494,3446,182,3534,3478,3610,3467,3546
RAW,165681,91,3628,3638,3546,3486,3402,3494,3447,183,3534,3478,3610,3468,3546
RAW,165701,84,3626,3639,3546,3485,3402,3495,3447,182,3534,3478,3611,3466,3545
RAW,165811,88,3627,3639,3545,3483,3403,3495,3445,183,3534,3480,3618,3468,3546
RAW,165831,90,3624,3639,3546,3483,3402,3495,3446,178,3536,3479,3612,3466,3546
RAW,165851,90,3623,3638,3544,3484,3400,3494,3446,186,3536,3478,3611,3469,3548
RAW,165961,87,3626,3639,3544,3484,3402,3496,3448,174,3536,3478,3610,3468,3547
RAW,165981,91,3626,3639,3544,3483,3404,3495,3446,180,3535,3478,3610,3468,3546
RAW,166001,91,3623,3638,3543,3486,3403,3496,3448,182,3534,3478,3610,3468,3546
RAW,166111,91,3624,3638,3546,3484,3402,3494,3444,178,3536,3478,3610,3471,3548
RAW,166131,90,3626,3638,3546,3484,3404,3494,3447,179,3535,3478,3610,3470,3548
RAW,166151,94,3625,3638,3543,3485,3405,3496,3446,182,3534,3479,3610,3468,3548
RAW,166261,88,3623,3638,3544,3484,3403,3496,3447,179,3535,3479,3610,3468,3548
RAW,166281,89,3626,3638,3542,3483,3404,3495,3448,178,3536,3479,3610,3468,3547
RAW,166301,91,3624,3639,3544,3483,3404,3496,3447,183,3535,3478,3611,3470,3548
RAW,166411,90,3624,3638,3542,3484,3405,3498,3448,183,3537,3477,3611,3470,3549
RAW,166431,93,3626,3639,3542,3483,3404,3495,3447,178,3538,3480,3610,3469,3547
RAW,166451,88,3624,3639,3542,3483,3402,3498,3447,182,3536,3478,3611,3470,3547
RAW,166561,91,3622,3639,3542,3482,3403,3496,3446,182,3538,3478,3611,3470,3547
RAW,166581,92,3623,3638,3544,3482,3403,3497,3446,180,3538,3478,3612,3470,3546
RAW,166601,89,3625,3638,3543,3482,3403,3497,3448,180,3535,3479,3610,3470,3546
RAW,166711,90,3624,3648,3543,3484,3403,3498,3447,181,3535,3479,3611,3469,3547
RAW,166731,90,3623,3638,3543,3484,3402,3496,3448,181,3536,3476,3610,3470,3547
RAW,166751,89,3623,3638,3543,3482,3403,3495,3447,178,3535,3478,3611,3468,3546
RAW,166861,90,3626,3638,3544,3482,3402,3498,3448,179,3536,3479,3610,3466,3546
RAW,166881,91,3623,3639,3544,3482,3403,3496,3450,180,3535,3478,3612,3468,3546
RAW,166901,90,3622,3638,3543,3482,3403,3498,3448,183,3535,3480,3612,3466,3546
RAW,167011,90,3624,3638,3543,3482,3404,3497,3450,183,3536,3480,3613,3466,3546
RAW,167031,91,3622,3638,3542,3483,3404,3498,3448,178,3536,3480,3610,3464,3546
RAW,167051,90,3623,3638,3543,3482,3402,3498,3449,183,3536,3479,3610,3466,3546
RAW,167161,88,3623,3638,3544,3482,3404,3497,3448,182,3535,3478,3612,3466,3546
RAW,167181,92,3623,3639,3544,3482,3406,3498,3447,186,3535,3476,3610,3465,3546
RAW,167201,88,3623,3637,3544,3483,3403,3498,3450,180,3535,3479,3610,3465,3544
RAW,167311,91,3624,3637,3544,3481,3404,3498,3446,183,3538,3480,3609,3466,3546
RAW,167331,91,3626,3638,3544,3482,3403,3498,3448,179,3536,3479,3611,3464,3546
RAW,167351,92,3626,3638,3543,3482,3404,3498,3450,180,3538,3480,3611,3463,3546