ADC_US,158.18
FRAME_US,0,2278.4
NOISE,0,0,27.4,1.66,17
NOISE,0,1,1592.8,3.37,16
NOISE,0,2,1246.1,0.00,6
NOISE,0,3,350.1,0.93,4
NOISE,0,4,399.9,0.97,7
NOISE,0,5,3096.0,0.00,11
NOISE,0,6,3482.6,1.31,6
NOISE,0,7,3462.4,0.00,4
NOISE,0,8,133.0,3.37,39
NOISE,0,9,981.1,1.49,6
NOISE,0,10,611.7,1.59,10
NOISE,0,11,1089.1,0.72,7
NOISE,0,12,1182.5,1.71,10
NOISE,0,13,1312.9,4.71,20
FRAME_US,5,2346.0
NOISE,5,0,27.1,1.03,6
NOISE,5,1,1592.1,2.48,11
NOISE,5,2,1246.4,0.77,7
NOISE,5,3,350.3,0.82,6
NOISE,5,4,399.9,0.89,6
NOISE,5,5,3096.3,0.00,5
NOISE,5,6,3482.6,1.96,10
NOISE,5,7,3462.0,0.00,12
NOISE,5,8,132.5,5.26,41
NOISE,5,9,981.7,1.12,6
NOISE,5,10,611.8,1.18,9
NOISE,5,11,1089.0,0.78,7
NOISE,5,12,1182.8,1.28,8
NOISE,5,13,1312.7,2.15,12
FRAME_US,10,2416.4
NOISE,10,0,27.4,1.25,13
NOISE,10,1,1590.3,3.10,14
NOISE,10,2,1246.9,0.83,8
NOISE,10,3,350.3,0.91,5
NOISE,10,4,399.5,0.75,5
NOISE,10,5,3096.5,0.00,6
NOISE,10,6,3482.4,1.44,13
NOISE,10,7,3462.1,0.00,7
NOISE,10,8,133.7,3.41,35
NOISE,10,9,982.0,1.04,6
NOISE,10,10,611.6,1.04,6
NOISE,10,11,1088.4,0.65,6
NOISE,10,12,1183.3,1.55,10
NOISE,10,13,1314.0,3.77,18
FRAME_US,20,2555.9
NOISE,20,0,27.1,0.96,6
NOISE,20,1,1589.1,1.56,7
NOISE,20,2,1246.9,0.56,7
NOISE,20,3,350.7,0.76,6
NOISE,20,4,399.5,0.85,6
NOISE,20,5,3096.8,0.00,6
NOISE,20,6,3482.4,1.04,15
NOISE,20,7,3462.1,0.00,10
NOISE,20,8,134.4,3.92,37
NOISE,20,9,982.1,0.79,7
NOISE,20,10,611.5,1.24,7
NOISE,20,11,1088.3,0.53,5
NOISE,20,12,1182.5,1.02,8
NOISE,20,13,1313.8,2.82,13
FRAME_US,50,2975.8
NOISE,50,0,27.1,1.04,7
NOISE,50,1,1591.6,2.24,9
NOISE,50,2,1247.5,0.66,7
NOISE,50,3,349.9,0.84,4
NOISE,50,4,399.5,0.75,5
NOISE,50,5,3097.4,0.00,8
NOISE,50,6,3482.8,2.02,15
NOISE,50,7,3462.2,0.00,12
NOISE,50,8,136.5,3.44,37
NOISE,50,9,982.3,0.71,7
NOISE,50,10,611.6,1.09,7
NOISE,50,11,1087.8,0.61,4
NOISE,50,12,1183.4,0.97,7
NOISE,50,13,1309.7,2.13,13
FRAME_US,100,3676.4
NOISE,100,0,27.2,1.34,15
NOISE,100,1,1590.2,3.46,18
NOISE,100,2,1247.6,0.96,8
NOISE,100,3,349.9,1.06,6
NOISE,100,4,399.4,0.84,5
NOISE,100,5,3097.7,0.00,5
NOISE,100,6,3482.8,1.68,5
NOISE,100,7,3462.5,0.00,6
NOISE,100,8,138.3,4.88,41
NOISE,100,9,981.0,1.27,7
NOISE,100,10,610.2,1.25,6
NOISE,100,11,1086.9,0.23,8
NOISE,100,12,1182.2,1.35,8
NOISE,100,13,1317.7,4.89,20
NOISE_DONE