ADC_US,158.16
FRAME_US,0,2278.4
NOISE,0,0,83.8,1.23,8
NOISE,0,1,3598.7,5.06,6
NOISE,0,2,3604.3,3.32,5
NOISE,0,3,3506.3,4.31,11
NOISE,0,4,3465.4,1.93,6
NOISE,0,5,3429.8,0.36,16
NOISE,0,6,3462.9,0.00,5
NOISE,0,7,3493.8,2.22,12
NOISE,0,8,181.3,3.90,40
NOISE,0,9,3539.7,3.00,14
NOISE,0,10,3510.9,2.91,5
NOISE,0,11,3601.8,3.06,14
NOISE,0,12,3555.4,2.35,11
NOISE,0,13,3601.4,5.42,9
FRAME_US,5,2346.1
NOISE,5,0,83.7,1.39,10
NOISE,5,1,3598.1,5.24,8
NOISE,5,2,3605.0,3.97,5
NOISE,5,3,3506.2,4.62,8
NOISE,5,4,3465.6,2.20,9
NOISE,5,5,3429.9,0.00,4
NOISE,5,6,3462.9,0.00,6
NOISE,5,7,3493.9,0.00,9
NOISE,5,8,182.0,3.50,37
NOISE,5,9,3539.3,3.17,8
NOISE,5,10,3511.2,2.95,6
NOISE,5,11,3602.2,3.31,5
NOISE,5,12,3555.1,1.47,6
NOISE,5,13,3603.5,1.99,6
FRAME_US,10,2416.4
NOISE,10,0,83.5,1.26,7
NOISE,10,1,3598.3,5.27,10
NOISE,10,2,3604.8,3.33,10
NOISE,10,3,3506.0,4.22,9
NOISE,10,4,3465.6,2.34,5
NOISE,10,5,3429.8,0.00,11
NOISE,10,6,3463.2,0.00,12
NOISE,10,7,3493.8,1.45,4
NOISE,10,8,182.6,1.70,9
NOISE,10,9,3538.8,3.96,7
NOISE,10,10,3511.4,2.83,14
NOISE,10,11,3602.0,2.34,11
NOISE,10,12,3555.4,2.19,6
NOISE,10,13,3603.3,2.26,4
FRAME_US,20,2555.9
NOISE,20,0,83.3,1.16,6
NOISE,20,1,3598.8,5.02,11
NOISE,20,2,3604.6,3.78,5
NOISE,20,3,3506.0,4.69,5
NOISE,20,4,3465.8,2.24,13
NOISE,20,5,3429.9,0.00,11
NOISE,20,6,3463.4,0.00,4
NOISE,20,7,3493.8,0.00,12
NOISE,20,8,183.9,2.81,37
NOISE,20,9,3539.1,3.66,14
NOISE,20,10,3510.9,3.49,5
NOISE,20,11,3601.7,2.56,13
NOISE,20,12,3555.7,1.94,13
NOISE,20,13,3601.3,2.31,12
FRAME_US,50,2975.8
NOISE,50,0,83.6,1.90,16
NOISE,50,1,3598.7,4.77,14
NOISE,50,2,3604.9,3.92,17
NOISE,50,3,3506.2,4.57,14
NOISE,50,4,3466.0,1.69,10
NOISE,50,5,3429.9,0.00,13
NOISE,50,6,3463.2,0.00,10
NOISE,50,7,3494.1,0.73,15
NOISE,50,8,186.3,3.92,40
NOISE,50,9,3539.4,4.00,16
NOISE,50,10,3511.3,2.85,10
NOISE,50,11,3602.0,2.77,8
NOISE,50,12,3555.4,1.53,13
NOISE,50,13,3603.1,3.35,15
FRAME_US,100,3676.3
NOISE,100,0,83.3,1.50,14
NOISE,100,1,3598.9,4.78,6
NOISE,100,2,3605.2,3.48,7
NOISE,100,3,3506.0,4.34,5
NOISE,100,4,3466.2,2.22,12
NOISE,100,5,3429.9,1.14,9
NOISE,100,6,3463.2,0.00,11
NOISE,100,7,3494.4,2.30,6
NOISE,100,8,189.7,3.86,37
NOISE,100,9,3539.6,3.47,10
NOISE,100,10,3511.3,3.11,12
NOISE,100,11,3602.2,2.91,7
NOISE,100,12,3555.3,2.14,7
NOISE,100,13,3603.3,4.01,6
NOISE_DONE