ADC_US,3.18
FRAME_US,0,127.3
NOISE,0,0,48.2,2.39,34
NOISE,0,1,1539.4,1.01,7
NOISE,0,2,1253.7,1.66,7
NOISE,0,3,377.1,0.94,5
NOISE,0,4,405.9,1.08,11
NOISE,0,5,3192.0,1.09,6
NOISE,0,6,3634.9,1.11,6
NOISE,0,7,3601.3,1.73,8
NOISE,0,8,701.6,3.62,52
NOISE,0,9,986.5,1.12,7
NOISE,0,10,617.9,1.08,7
NOISE,0,11,1107.2,1.68,6
NOISE,0,12,1164.9,1.47,7
NOISE,0,13,1432.1,2.08,8
FRAME_US,1,138.8
NOISE,1,0,46.2,0.74,4
NOISE,1,1,1542.6,2.20,8
NOISE,1,2,1254.2,1.34,7
NOISE,1,3,378.2,0.94,8
NOISE,1,4,405.4,0.93,8
NOISE,1,5,3193.3,0.00,5
NOISE,1,6,3635.6,1.85,7
NOISE,1,7,3603.6,0.69,6
NOISE,1,8,656.4,7.78,105
NOISE,1,9,986.2,0.89,7
NOISE,1,10,618.0,1.09,6
NOISE,1,11,1107.2,1.59,8
NOISE,1,12,1165.3,1.33,7
NOISE,1,13,1432.9,2.23,10
FRAME_US,2,152.6
NOISE,2,0,44.3,0.85,4
NOISE,2,1,1546.5,1.14,7
NOISE,2,2,1254.6,1.41,6
NOISE,2,3,379.5,0.91,5
NOISE,2,4,404.9,0.99,8
NOISE,2,5,3194.1,0.00,4
NOISE,2,6,3636.0,1.68,6
NOISE,2,7,3605.2,2.76,5
NOISE,2,8,611.8,3.23,36
NOISE,2,9,985.9,0.88,6
NOISE,2,10,618.1,1.12,8
NOISE,2,11,1107.2,1.45,7
NOISE,2,12,1165.7,1.13,6
NOISE,2,13,1434.9,2.00,8
FRAME_US,5,194.7
NOISE,5,0,41.0,0.83,5
NOISE,5,1,1546.7,2.24,7
NOISE,5,2,1255.1,1.41,7
NOISE,5,3,379.2,0.89,5
NOISE,5,4,403.0,0.90,7
NOISE,5,5,3194.6,0.00,5
NOISE,5,6,3636.2,0.00,6
NOISE,5,7,3606.6,0.00,5
NOISE,5,8,511.3,4.89,66
NOISE,5,9,985.5,1.08,6
NOISE,5,10,617.8,1.09,8
NOISE,5,11,1106.2,1.15,7
NOISE,5,12,1166.2,1.39,9
NOISE,5,13,1428.4,3.51,15
FRAME_US,10,264.7
NOISE,10,0,38.9,0.86,5
NOISE,10,1,1540.8,2.18,11
NOISE,10,2,1256.5,1.39,8
NOISE,10,3,376.2,1.44,7
NOISE,10,4,400.8,1.01,6
NOISE,10,5,3196.3,0.00,6
NOISE,10,6,3638.3,3.25,5
NOISE,10,7,3609.7,1.86,6
NOISE,10,8,403.4,2.00,19
NOISE,10,9,985.7,1.09,5
NOISE,10,10,618.6,1.15,7
NOISE,10,11,1106.1,1.31,6
NOISE,10,12,1166.7,1.40,8
NOISE,10,13,1425.1,1.89,9
FRAME_US,20,404.8
NOISE,20,0,37.6,0.88,5
NOISE,20,1,1540.1,1.46,8
NOISE,20,2,1257.7,1.73,8
NOISE,20,3,375.8,1.02,6
NOISE,20,4,400.0,0.88,5
NOISE,20,5,3197.1,0.00,4
NOISE,20,6,3638.6,3.67,6
NOISE,20,7,3610.6,3.54,5
NOISE,20,8,277.1,1.63,9
NOISE,20,9,985.0,0.78,7
NOISE,20,10,618.9,1.22,8
NOISE,20,11,1105.7,0.90,8
NOISE,20,12,1166.9,1.18,9
NOISE,20,13,1426.1,1.56,9
FRAME_US,50,824.8
NOISE,50,0,36.7,0.83,4
NOISE,50,1,1542.1,2.93,12
NOISE,50,2,1259.0,1.50,6
NOISE,50,3,375.9,1.36,7
NOISE,50,4,400.3,0.83,4
NOISE,50,5,3199.2,0.00,5
NOISE,50,6,3639.6,2.93,5
NOISE,50,7,3611.8,3.23,5
NOISE,50,8,213.9,1.45,8
NOISE,50,9,983.8,0.95,7
NOISE,50,10,619.2,1.28,7
NOISE,50,11,1103.8,1.07,6
NOISE,50,12,1167.9,1.35,9
NOISE,50,13,1421.4,3.94,17
NOISE_DONE