POS,84568,0.83,0,0,0,0,0,153,888,945,0,0,0,0,0,0
POS,84588,0.83,0,0,0,0,0,153,889,945,0,0,0,0,0,0
POS,84608,0.83,0,0,0,0,0,153,889,946,0,0,0,0,0,0
POS,84718,0.77,0,0,0,0,0,145,886,946,0,0,0,0,0,0
POS,84738,0.75,0,0,0,0,0,142,886,949,0,0,0,0,0,0
POS,84758,0.74,0,0,0,0,0,142,885,949,0,0,0,0,0,0
POS,84868,0.74,0,0,0,0,0,141,885,949,0,0,0,0,0,0
POS,84888,0.71,0,0,0,0,0,136,884,949,0,0,0,0,0,0
POS,84908,0.57,0,0,0,0,0,114,880,946,0,0,0,0,0,0
POS,85018,-1.04,0,0,0,0,0,0,828,992,0,50,0,0,0,0
POS,85038,-1.48,0,0,0,0,0,0,816,996,0,84,0,0,0,0
POS,85058,-2.13,0,0,0,0,0,0,802,992,0,140,0,0,0,0
POS,85168,-7.68,0,0,0,0,0,0,656,966,0,730,0,0,0,0
POS,85188,-8.33,0,0,0,0,0,0,592,980,0,780,0,0,0,0
POS,85208,-9.64,0,0,0,0,0,0,449,961,0,850,0,0,0,0
POS,85318,-18.43,0,0,0,0,0,0,0,858,0,957,637,0,0,0
POS,85338,-19.32,0,0,0,0,0,0,0,857,0,962,833,0,0,0
POS,85358,-19.86,0,0,0,0,0,0,0,802,0,962,893,0,0,0
POS,85468,-27.88,0,0,0,0,0,0,0,0,0,966,950,229,0,0
POS,85488,-29.45,0,0,0,0,0,0,0,0,0,966,946,542,0,0
POS,85508,-30.28,0,0,0,0,0,0,0,0,0,969,965,749,0,0
POS,85618,-31.28,0,0,0,0,0,0,0,0,0,876,960,950,4,0
POS,85638,-32.14,0,0,0,0,0,0,0,0,0,860,937,941,129,0
POS,85658,-33.60,0,0,0,0,0,0,0,0,0,850,957,901,394,0
POS,85768,-40.14,0,0,0,0,0,0,0,0,0,56,850,973,922,0
POS,85788,-40.56,0,0,0,0,0,0,0,0,0,0,817,954,902,0
POS,85808,-40.73,0,0,0,0,0,0,0,0,0,0,805,966,938,0
POS,85918,-48.61,0,0,0,0,0,0,0,0,0,0,160,926,925,789
POS,85938,-50.01,0,0,0,0,0,0,0,0,0,0,0,942,1000,877
POS,85958,-50.13,0,0,0,0,0,0,0,0,0,0,0,936,1000,904
POS,86068,-50.64,0,0,0,0,0,0,0,0,0,0,0,840,984,952
POS,86088,-51.13,0,0,0,0,0,0,0,0,0,0,0,713,905,942
POS,86108,-52.16,0,0,0,0,0,0,0,0,0,0,0,488,977,952
POS,86218,-55.39,0,0,0,0,0,0,0,0,0,0,0,0,894,948
POS,86238,-55.18,0,0,0,0,0,0,0,0,0,0,0,0,914,894
POS,86258,-55.26,0,0,0,0,0,0,0,0,0,0,0,0,945,954
POS,86368,-59.26,0,0,0,0,0,0,0,0,0,0,0,0,102,940
POS,86388,-60.24,0,0,0,0,0,0,0,0,0,0,0,0,0,964
POS,86408,-60.24,0,0,0,0,0,0,0,0,0,0,0,0,0,953
POS,86518,-60.24,0,0,0,0,0,0,0,0,0,0,0,0,0,946
POS,86538,-60.24,0,0,0,0,0,0,0,0,0,0,0,0,0,933
POS,86558,-60.24,0,0,0,0,0,0,0,0,0,0,0,0,0,901
POS,86668,lost,0,0,0,0,0,0,0,0,0,0,0,0,0,0
POS,86688,lost,0,0,0,0,0,0,0,0,0,0,0,0,0,0
POS,86708,lost,0,0,0,0,0,0,0,0,0,0,0,0,0,0
POS,86818,lost,0,0,0,0,0,0,0,0,0,0,0,0,0,0
POS,86838,lost,0,0,0,0,0,0,0,0,0,0,0,0,0,0
POS,86858,lost,0,0,0,0,0,0,0,0,0,0,0,0,0,0
POS,86968,lost,0,0,0,0,0,0,0,0,0,0,0,0,0,0
POS,86988,lost,0,0,0,0,0,0,0,0,0,0,0,0,0,0
POS,87008,lost,0,0,0,0,0,0,0,0,0,0,0,0,0,0
POS,87118,lost,0,0,0,0,0,0,0,0,0,0,0,0,0,0
POS,87138,lost,0,0,0,0,0,0,0,0,0,0,0,0,0,0
POS,87158,lost,0,0,0,0,0,0,0,0,0,0,0,0,0,0
POS,87268,lost,0,0,0,0,0,0,0,0,0,0,0,0,0,0
POS,87288,lost,0,0,0,0,0,0,0,0,0,0,0,0,0,0
POS,87308,lost,0,0,0,0,0,0,0,0,0,0,0,0,0,0
POS,87418,lost,0,0,0,0,0,0,0,0,0,0,0,0,0,0
POS,87438,lost,0,0,0,0,0,0,0,0,0,0,0,0,0,0
POS,87458,lost,0,0,0,0,0,0,0,0,0,0,0,0,0,0
POS,87568,lost,0,0,0,0,0,0,0,0,0,0,0,0,0,0
POS,87588,lost,0,0,0,0,0,0,0,0,0,0,0,0,0,0
POS,87608,lost,0,0,0,0,0,0,0,0,0,0,0,0,0,0
POS,87718,lost,0,0,0,0,0,0,0,0,0,0,0,0,0,0
POS,87738,lost,0,0,0,0,0,0,0,0,0,0,0,0,0,0
POS,87758,lost,0,0,0,0,0,0,0,0,0,0,0,0,0,0
POS,87868,lost,0,0,0,0,0,0,0,0,0,0,0,0,0,0
POS,87888,lost,0,0,0,0,0,0,0,0,0,0,0,0,0,121
POS,87908,lost,0,0,0,0,0,0,0,0,0,0,0,0,0,377
POS,88018,-60.24,0,0,0,0,0,0,0,0,0,0,0,0,0,980
POS,88038,-60.24,0,0,0,0,0,0,0,0,0,0,0,0,0,966
POS,88058,-60.24,0,0,0,0,0,0,0,0,0,0,0,0,0,933
POS,88168,-55.28,0,0,0,0,0,0,0,0,0,0,0,0,928,944
POS,88188,-55.44,0,0,0,0,0,0,0,0,0,0,0,0,901,976
POS,88208,-55.43,0,0,0,0,0,0,0,0,0,0,0,0,926,1000
POS,88318,-51.01,0,0,0,0,0,0,0,0,0,0,0,740,982,945
POS,88338,-50.51,0,0,0,0,0,0,0,0,0,0,0,828,957,900
POS,88358,-50.47,0,0,0,0,0,0,0,0,0,0,0,925,958,992
POS,88468,-50.09,0,0,0,0,0,0,0,0,0,0,0,950,992,906
POS,88488,-49.26,0,0,0,0,0,0,0,0,0,0,100,961,992,873
POS,88508,-47.69,0,0,0,0,0,0,0,0,0,0,294,930,937,770
POS,88618,-39.02,0,0,0,0,0,0,0,0,0,249,874,925,948,0
POS,88638,-37.55,0,0,0,0,0,0,0,0,0,516,913,982,926,0
POS,88658,-35.86,0,0,0,0,0,0,0,0,0,776,962,984,790,0
POS,88768,-30.77,0,0,0,0,0,0,0,0,0,962,980,884,0,0
POS,88788,-30.35,0,0,0,0,0,0,0,0,0,969,965,768,0,0
POS,88808,-29.64,0,0,0,0,0,0,0,0,0,970,982,586,0,0
POS,88918,-20.94,0,0,0,0,0,0,0,818,0,990,893,0,0,78
POS,88938,-20.31,0,0,0,0,0,0,0,836,0,986,778,0,0,70
POS,88958,-18.53,0,0,0,0,0,0,0,890,0,957,437,0,0,72
POS,89068,-5.55,0,0,0,0,0,0,797,961,0,485,0,0,0,12
POS,89088,-2.74,0,0,0,0,0,0,797,972,0,185,0,0,0,5
POS,89108,-0.46,0,0,0,0,0,0,885,957,0,0,0,0,0,8
POS,89218,3.79,0,0,0,0,0,825,966,962,0,0,0,0,0,0
POS,89238,4.02,0,0,0,0,0,880,974,945,0,0,0,0,0,0
POS,89258,4.18,0,0,0,0,0,874,974,890,0,0,0,0,0,0
POS,89368,5.81,0,0,0,0,224,918,954,856,0,0,0,0,0,0
POS,89388,8.09,0,0,0,0,608,948,958,778,0,0,0,0,0,0
POS,89408,10.38,0,0,0,0,794,962,948,440,0,0,0,0,0,0
POS,89518,20.19,0,0,0,896,949,922,285,0,0,0,0,0,0,0
POS,89538,22.34,0,0,32,910,932,824,0,0,0,0,0,0,0,0
POS,89558,26.94,0,0,690,973,949,578,0,0,0,0,0,0,0,0
POS,89668,40.54,0,914,966,832,0,0,0,0,0,0,0,0,0,0
POS,89688,40.63,0,938,989,830,0,0,0,0,0,0,0,0,0,0
POS,89708,42.20,0,953,962,482,0,0,0,0,0,0,0,0,0,0
POS,89818,45.68,0,992,833,0,0,0,0,0,0,0,0,0,0,0
POS,89838,46.41,0,981,608,0,0,0,0,0,0,0,0,0,0,0
POS,89858,48.54,0,984,201,0,0,0,0,0,0,0,0,0,0,0
POS,89968,50.24,0,884,0,0,0,0,0,0,0,0,0,0,0,0
POS,89988,48.90,0,652,0,0,0,0,0,0,0,0,0,0,0,8
POS,90008,lost,0,280,0,0,0,0,0,0,0,0,0,0,0,41
POS,90118,lost,0,0,0,0,0,0,0,0,0,0,0,0,0,41
POS,90138,lost,0,0,0,0,0,0,0,0,0,0,0,0,0,65
POS,90158,lost,0,0,0,0,0,0,0,0,0,0,0,0,0,61
POS,90268,lost,0,0,0,0,0,0,0,0,0,0,0,0,0,65
POS,90288,lost,0,0,0,0,0,0,0,0,0,0,0,0,0,56
POS,90308,lost,0,0,0,0,0,0,0,0,0,0,0,0,0,69
POS,90418,lost,0,0,0,0,0,0,0,0,0,0,0,0,0,72
POS,90438,lost,0,0,0,0,0,0,0,0,0,0,0,0,0,66
POS,90458,lost,0,0,0,0,0,0,0,0,0,0,0,0,0,69
POS,90568,lost,0,0,0,0,0,0,0,0,0,0,0,0,0,66
POS,90588,lost,0,0,0,0,0,0,0,0,0,0,0,0,0,68
POS,90608,lost,0,0,0,0,0,0,0,0,0,0,0,0,0,69
POS,90718,lost,0,0,0,0,0,0,0,0,0,0,0,0,0,78
POS,90738,lost,0,0,0,0,0,0,0,0,0,0,0,0,0,80
POS,90758,lost,0,0,0,0,0,0,0,0,0,0,0,0,0,81
POS,90868,lost,0,0,0,0,0,0,0,0,0,0,0,0,0,81
POS,90888,lost,0,0,0,0,0,0,0,0,0,0,0,0,0,80
POS,90908,lost,0,0,0,0,0,0,0,0,0,0,0,0,0,69
POS,91018,lost,0,0,0,0,0,0,0,0,0,0,0,0,0,65
POS,91038,lost,0,0,0,0,0,0,0,0,0,0,0,0,0,84
POS,91058,lost,0,0,0,0,0,0,0,0,0,0,0,0,0,86
POS,91168,lost,0,0,0,0,0,0,0,0,0,0,0,0,0,0
POS,91188,lost,0,0,0,0,0,0,0,0,0,0,0,0,0,0
POS,91208,lost,0,0,0,0,0,0,0,0,0,0,0,0,0,0
POS,91318,lost,0,365,0,0,0,0,0,0,0,0,0,0,0,0
POS,91338,50.24,0,686,0,0,0,0,0,0,0,0,0,0,0,0
POS,91358,50.24,0,877,0,0,0,0,0,0,0,0,0,0,0,0
POS,91468,47.85,0,985,309,0,0,0,0,0,0,0,0,0,0,0
POS,91488,46.28,0,980,642,0,0,0,0,0,0,0,0,0,0,0
POS,91508,45.68,0,1000,838,0,0,0,0,0,0,0,0,0,0,0
POS,91618,45.25,0,989,985,0,0,0,0,0,0,0,0,0,0,0
POS,91638,45.27,0,988,977,0,0,0,0,0,0,0,0,0,0,0
POS,91658,44.82,0,968,948,62,0,0,0,0,0,0,0,0,0,0
POS,91768,40.75,0,957,998,816,0,0,0,0,0,0,0,0,0,0
POS,91788,40.53,0,942,994,861,0,0,0,0,0,0,0,0,0,0
POS,91808,40.43,0,928,973,874,0,0,0,0,0,0,0,0,0,0
POS,91918,31.68,0,66,918,952,852,0,0,0,0,0,0,0,0,0
POS,91938,31.23,0,0,938,973,870,0,0,0,0,0,0,0,0,0
POS,91958,31.00,0,0,886,965,888,0,0,0,0,0,0,0,0,0
POS,92068,25.45,0,0,532,969,974,760,0,0,0,0,0,0,0,0
POS,92088,24.65,0,0,408,953,968,808,0,0,0,0,0,0,0,0
POS,92108,23.65,0,0,236,924,961,818,0,0,0,0,0,0,0,0
POS,92218,18.90,0,0,0,876,954,925,552,0,0,0,0,0,0,0
POS,92238,18.24,0,0,0,893,976,942,732,0,0,0,0,0,0,0
POS,92258,17.68,0,0,0,841,977,934,841,0,0,0,0,0,0,0
POS,92368,11.73,0,0,0,0,838,954,934,220,0,0,0,0,0,0
POS,92388,10.36,0,0,0,0,792,954,938,445,0,0,0,0,0,0
POS,92408,9.11,0,0,0,0,714,932,944,641,0,0,0,0,0,0
POS,92518,4.24,0,0,0,0,0,890,973,888,0,0,0,0,0,0
POS,92538,4.18,0,0,0,0,0,888,969,904,0,0,0,0,0,0
POS,92558,4.12,0,0,0,0,0,872,965,906,0,0,0,0,0,0
POS,92668,3.75,0,0,0,0,0,784,950,929,0,0,0,0,0,0
POS,92688,3.22,0,0,0,0,0,666,958,969,0,0,0,0,0,0
POS,92708,2.73,0,0,0,0,0,549,945,980,0,0,0,0,0,0
POS,92818,-0.36,0,0,0,0,0,0,854,966,0,4,0,0,0,0
POS,92838,-0.92,0,0,0,0,0,0,837,974,0,45,0,0,0,0
POS,92858,-1.88,0,0,0,0,0,0,816,969,0,125,0,0,0,0
POS,92968,-8.17,0,0,0,0,0,0,633,965,0,788,0,0,0,0
POS,92988,-9.11,0,0,0,0,0,0,504,957,0,817,0,0,0,0
POS,93008,-10.51,0,0,0,0,0,0,334,880,0,828,0,0,0,0
POS,93118,-19.12,0,0,0,0,0,0,0,820,0,956,741,0,0,0
POS,93138,-19.46,0,0,0,0,0,0,0,857,0,970,866,0,0,0
POS,93158,-19.96,0,0,0,0,0,0,0,773,0,961,877,0,0,0
POS,93268,-29.00,0,0,0,0,0,0,0,0,0,965,952,442,0,0
POS,93288,-30.02,0,0,0,0,0,0,0,0,0,957,937,674,0,0
POS,93308,-30.53,0,0,0,0,0,0,0,0,0,969,988,818,0,0
POS,93418,-31.24,0,0,0,0,0,0,0,0,0,874,953,910,16,0
POS,93438,-33.17,0,0,0,0,0,0,0,0,0,866,954,928,314,0
POS,93458,-35.04,0,0,0,0,0,0,0,0,0,820,952,952,645,0
POS,93568,-40.97,0,0,0,0,0,0,0,0,0,0,789,969,989,0
POS,93588,-42.22,0,0,0,0,0,0,0,0,0,0,705,956,926,162
POS,93608,-44.87,0,0,0,0,0,0,0,0,0,0,509,980,978,438
POS,93718,-50.30,0,0,0,0,0,0,0,0,0,0,0,934,961,950
POS,93738,-50.30,0,0,0,0,0,0,0,0,0,0,0,916,997,934
POS,93758,-50.50,0,0,0,0,0,0,0,0,0,0,0,886,982,960
POS,93868,-52.27,0,0,0,0,0,0,0,0,0,0,0,484,978,980
POS,93888,-52.90,0,0,0,0,0,0,0,0,0,0,0,350,988,961
POS,93908,-54.29,0,0,0,0,0,0,0,0,0,0,0,125,934,930
POS,94018,-55.30,0,0,0,0,0,0,0,0,0,0,0,0,946,969
POS,94038,-55.25,0,0,0,0,0,0,0,0,0,0,0,0,945,950
POS,94058,-55.36,0,0,0,0,0,0,0,0,0,0,0,0,900,944
POS,94168,-59.34,0,0,0,0,0,0,0,0,0,0,0,0,94,950
POS,94188,-59.80,0,0,0,0,0,0,0,0,0,0,0,0,45,972
POS,94208,-60.24,0,0,0,0,0,0,0,0,0,0,0,0,0,980
POS,94318,-60.24,0,0,0,0,0,0,0,0,0,0,0,0,0,953
POS,94338,-60.24,0,0,0,0,0,0,0,0,0,0,0,0,0,977
POS,94358,-60.24,0,0,0,0,0,0,0,0,0,0,0,0,0,976
POS,94468,-60.24,0,0,0,0,0,0,0,0,0,0,0,0,0,658
POS,94488,-60.24,0,0,0,0,0,0,0,0,0,0,0,0,0,492
POS,94508,lost,0,0,0,0,0,0,0,0,0,0,0,0,0,333
POS,94618,lost,0,0,0,0,0,0,0,0,0,0,0,0,0,0
POS,94638,lost,0,0,0,0,0,0,0,0,0,0,0,0,0,0
POS,94658,lost,0,0,0,0,0,0,0,0,0,0,0,0,0,0
POS,94768,lost,0,0,0,0,0,0,0,0,0,0,0,0,0,0
POS,94788,lost,0,0,0,0,0,0,0,0,0,0,0,0,0,0
POS,94808,lost,0,0,0,0,0,0,0,0,0,0,0,0,0,0
POS,94918,lost,0,0,0,5,0,0,0,0,0,0,0,0,0,0
POS,94938,lost,0,0,0,2,0,0,0,0,0,0,0,0,0,0
POS,94958,lost,0,0,0,0,0,0,0,0,0,0,0,0,0,0
POS,95068,lost,0,0,0,0,0,0,0,0,0,0,0,0,0,0
POS,95088,lost,0,0,0,0,0,0,0,0,0,0,0,0,0,0
POS,95108,lost,0,0,0,0,0,0,0,0,0,0,0,0,0,0
POS,95218,lost,0,0,0,0,0,0,0,0,0,0,0,0,0,0
POS,95238,lost,0,0,0,0,0,0,0,0,0,0,0,0,0,0
POS,95258,lost,0,0,0,0,0,0,0,0,0,0,0,0,0,0
POS,95368,lost,0,0,0,0,0,0,0,0,0,0,0,0,0,0
POS,95388,lost,0,0,0,0,0,0,0,0,0,0,0,0,0,0
POS,95408,lost,0,0,0,0,0,0,0,0,0,0,0,0,0,0
POS,95518,lost,0,0,0,0,0,0,0,0,0,0,0,0,0,0
POS,95538,lost,0,0,0,0,0,0,0,0,0,0,0,0,0,0
POS,95558,lost,0,0,0,0,0,0,0,0,0,0,0,0,0,0
POS,95668,-60.24,0,0,0,0,0,0,0,0,0,0,0,0,0,865
POS,95688,-60.24,0,0,0,0,0,0,0,0,0,0,0,0,0,942
POS,95708,-60.24,0,0,0,0,0,0,0,0,0,0,0,0,0,977
POS,95818,-59.03,0,0,0,0,0,0,0,0,0,0,0,0,130,941
POS,95838,-56.89,0,0,0,0,0,0,0,0,0,0,0,0,470,933
POS,95858,-56.01,0,0,0,0,0,0,0,0,0,0,0,0,709,968
POS,95968,-55.29,0,0,0,0,0,0,0,0,0,0,0,0,981,1000
POS,95988,-54.34,0,0,0,0,0,0,0,0,0,0,0,117,936,929
POS,96008,-52.69,0,0,0,0,0,0,0,0,0,0,0,377,990,942
POS,96118,-50.24,0,0,0,0,0,0,0,0,0,0,0,929,990,928
POS,96138,-50.37,0,0,0,0,0,0,0,0,0,0,0,937,906,973
POS,96158,-50.25,0,0,0,0,0,0,0,0,0,0,0,941,1000,944
POS,96268,-42.61,0,0,0,0,0,0,0,0,0,0,708,966,926,226
POS,96288,-41.71,0,0,0,0,0,0,0,0,0,0,744,961,978,86
POS,96308,-40.95,0,0,0,0,0,0,0,0,0,0,794,966,990,0
POS,96418,-36.39,0,0,0,0,0,0,0,0,0,696,938,962,842,0
POS,96438,-35.38,0,0,0,0,0,0,0,0,0,816,956,950,720,0
POS,96458,-33.97,0,0,0,0,0,0,0,0,0,865,958,908,473,0
POS,96568,-30.89,0,0,0,0,0,0,0,0,0,949,974,906,0,0
POS,96588,-30.54,0,0,0,0,0,0,0,0,0,980,977,830,0,0
POS,96608,-30.16,0,0,0,0,0,0,0,0,0,965,949,714,0,0
POS,96718,-21.62,0,0,0,0,0,0,0,526,0,993,900,0,0,0
POS,96738,-20.72,0,0,0,0,0,0,0,678,0,961,929,0,0,0
POS,96758,-19.58,0,0,0,0,0,0,0,856,0,976,893,0,0,0
POS,96868,-11.99,0,0,0,0,0,0,188,890,0,886,0,0,0,0
POS,96888,-10.15,0,0,0,0,0,0,401,952,0,880,0,0,0,0
POS,96908,-8.92,0,0,0,0,0,0,550,985,0,841,0,0,0,0
POS,97018,-0.71,0,0,0,0,0,0,840,985,0,26,0,0,0,0
POS,97038,0.03,0,0,0,0,0,17,889,921,0,0,0,0,0,0
POS,97058,1.52,0,0,0,0,0,297,924,998,0,0,0,0,0,0
POS,97168,3.73,0,0,0,0,0,826,973,984,0,0,0,0,0,0
POS,97188,3.91,0,0,0,0,0,873,953,969,0,0,0,0,0,0
POS,97208,4.08,0,0,0,0,0,873,981,920,0,0,0,0,0,0
POS,97318,5.60,0,0,0,0,210,909,956,884,0,0,0,0,0,0
POS,97338,6.14,0,0,0,0,296,941,981,884,0,0,0,0,0,0
POS,97358,7.80,0,0,0,0,552,984,1000,790,0,0,0,0,0,0
POS,97468,16.99,0,0,0,702,942,970,865,0,0,0,0,0,0,0
POS,97488,17.48,0,0,0,820,964,956,864,0,0,0,0,0,0,0
POS,97508,17.85,0,0,0,869,966,969,801,0,0,0,0,0,0,0
POS,97618,23.93,0,0,290,940,946,833,0,0,0,0,0,0,0,0
POS,97638,26.26,0,0,614,964,958,656,0,0,0,0,0,0,0,0
POS,97658,28.54,0,0,805,970,936,348,0,0,0,0,0,0,0,0
POS,97768,31.59,0,45,933,949,850,0,0,0,0,0,0,0,0,0
POS,97788,33.05,0,266,922,984,809,0,0,0,0,0,0,0,0,0
POS,97808,35.29,0,556,978,936,664,0,0,0,0,0,0,0,0,0
POS,97918,40.94,0,941,978,754,0,0,0,0,0,0,0,0,0,0
POS,97938,41.83,0,958,968,562,0,0,0,0,0,0,0,0,0,0
POS,97958,43.69,0,958,966,218,0,0,0,0,0,0,0,0,0,0
POS,98068,45.35,0,998,954,0,0,0,0,0,0,0,0,0,0,0
POS,98088,45.37,0,981,933,0,0,0,0,0,0,0,0,0,0,0
POS,98108,45.71,0,1000,828,0,0,0,0,0,0,0,0,0,0,0
POS,98218,50.24,0,974,0,0,0,0,0,0,0,0,0,0,0,0
POS,98238,50.24,0,982,0,0,0,0,0,0,0,0,0,0,0,0
POS,98258,50.24,0,976,0,0,0,0,0,0,0,0,0,0,0,0
POS,98368,41.71,0,681,0,0,0,0,0,0,0,0,0,0,0,57
POS,98388,35.78,0,405,0,0,0,0,0,0,0,0,0,0,0,61
POS,98408,lost,0,180,0,0,0,0,0,0,0,0,0,0,0,60
POS,98518,lost,0,0,0,0,0,0,0,0,0,0,0,0,0,56
POS,98538,lost,0,0,0,0,0,0,0,0,0,0,0,0,0,52
POS,98558,lost,0,0,0,0,0,0,0,0,0,0,0,0,0,53
POS,98668,lost,0,0,0,0,0,0,0,0,0,0,0,0,0,50
POS,98688,lost,0,0,0,0,0,0,0,0,0,0,0,0,0,56
POS,98708,lost,0,0,0,0,0,0,0,0,0,0,0,0,0,48
POS,98818,lost,0,0,0,0,0,0,0,0,0,0,0,0,0,60
POS,98838,lost,0,0,0,0,0,0,0,0,0,0,0,0,0,58
POS,98858,lost,0,0,0,0,0,0,0,0,0,0,0,0,0,60
POS,98968,lost,0,0,0,0,0,0,0,0,0,0,0,0,0,48
POS,98988,lost,0,0,0,0,0,0,0,0,0,0,0,0,0,46
POS,99008,lost,0,0,0,0,0,0,0,0,0,0,0,0,0,45
POS,99118,lost,0,0,0,0,0,0,0,0,0,0,0,0,0,53
POS,99138,lost,0,0,0,0,0,0,0,0,0,0,0,0,0,53
POS,99158,lost,0,0,0,0,0,0,0,0,0,0,0,0,0,57
POS,99268,lost,0,0,0,0,0,0,0,0,0,0,0,0,0,66
POS,99288,lost,0,0,0,0,0,0,0,0,0,0,0,0,0,70
POS,99308,lost,0,0,0,0,0,0,0,0,0,0,0,0,0,66
POS,99418,lost,0,0,0,0,0,0,0,0,0,0,0,0,0,61
POS,99438,lost,0,0,0,0,0,0,0,0,0,0,0,0,0,60
POS,99458,lost,0,0,0,0,0,0,0,0,0,0,0,0,0,66
POS,99568,lost,0,0,0,0,0,0,0,0,0,0,0,0,0,74
POS,99588,lost,0,0,0,0,0,0,0,0,0,0,0,0,0,74
POS,99608,lost,0,0,0,0,0,0,0,0,0,0,0,0,0,49
POS,99718,lost,0,0,0,0,0,0,0,0,0,0,0,0,0,0
POS,99738,lost,0,97,0,0,0,0,0,0,0,0,0,0,0,0
POS,99758,50.24,0,518,0,0,0,0,0,0,0,0,0,0,0,0
POS,99868,50.24,0,973,0,0,0,0,0,0,0,0,0,0,0,0
POS,99888,50.24,0,972,0,0,0,0,0,0,0,0,0,0,0,0
POS,99908,49.79,0,978,46,0,0,0,0,0,0,0,0,0,0,0
POS,100018,45.53,0,990,882,0,0,0,0,0,0,0,0,0,0,0
POS,100038,45.31,0,989,962,0,0,0,0,0,0,0,0,0,0,0
POS,100058,45.32,0,994,961,0,0,0,0,0,0,0,0,0,0,0
POS,100168,41.27,0,950,985,681,0,0,0,0,0,0,0,0,0,0
POS,100188,40.74,0,934,965,798,0,0,0,0,0,0,0,0,0,0
POS,100208,40.51,0,933,936,860,0,0,0,0,0,0,0,0,0,0
POS,100318,32.15,0,125,920,958,826,0,0,0,0,0,0,0,0,0
POS,100338,31.04,0,0,908,958,900,0,0,0,0,0,0,0,0,0
POS,100358,31.02,0,0,884,961,882,0,0,0,0,0,0,0,0,0
POS,100468,26.73,0,0,676,969,926,618,0,0,0,0,0,0,0,0
POS,100488,25.57,0,0,536,993,956,748,0,0,0,0,0,0,0,0
POS,100508,24.54,0,0,365,982,988,790,0,0,0,0,0,0,0,0
POS,100618,20.39,0,0,0,929,969,900,281,0,0,0,0,0,0,0
POS,100638,19.59,0,0,0,932,957,961,421,0,0,0,0,0,0,0
POS,100658,18.58,0,0,0,872,970,949,620,0,0,0,0,0,0,0
POS,100768,15.44,0,0,0,365,914,954,889,0,0,0,0,0,0,0
POS,100788,14.63,0,0,0,206,901,948,884,0,0,0,0,0,0,0
POS,100808,13.58,0,0,0,26,918,950,913,0,0,0,0,0,0,0
POS,100918,8.92,0,0,0,0,718,966,945,698,0,0,0,0,0,0
POS,100938,8.09,0,0,0,0,590,982,973,766,0,0,0,0,0,0
POS,100958,6.70,0,0,0,0,362,966,964,840,0,0,0,0,0,0
POS,101068,4.02,0,0,0,0,0,882,969,945,0,0,0,0,0,0
POS,101088,4.00,0,0,0,0,0,876,978,948,0,0,0,0,0,0
POS,101108,3.87,0,0,0,0,0,838,962,950,0,0,0,0,0,0
POS,101218,-0.10,0,0,0,0,0,0,885,922,0,0,0,0,0,0
POS,101238,-1.29,0,0,0,0,0,0,846,972,0,80,0,0,0,0
POS,101258,-3.81,0,0,0,0,0,0,805,964,0,316,0,0,0,0
POS,101368,-16.41,0,0,0,0,0,0,0,890,0,914,324,0,0,0
POS,101388,-18.27,0,0,0,0,0,0,0,884,0,953,633,0,0,0
POS,101408,-19.40,0,0,0,0,0,0,0,849,0,970,840,0,0,0
POS,101518,-28.05,0,0,0,0,0,0,0,0,0,969,937,264,0,0
POS,101538,-29.16,0,0,0,0,0,0,0,0,0,977,984,481,0,0
POS,101558,-29.73,0,0,0,0,0,0,0,0,0,970,962,610,0,0
POS,101668,-30.82,0,0,0,0,0,0,0,0,0,942,977,881,0,0
POS,101688,-30.95,0,0,0,0,0,0,0,0,0,898,990,880,0,0
POS,101708,-31.02,0,0,0,0,0,0,0,0,0,909,974,912,0,0
POS,101818,-36.00,0,0,0,0,0,0,0,0,0,768,954,989,814,0
POS,101838,-37.03,0,0,0,0,0,0,0,0,0,604,946,988,905,0
POS,101858,-38.11,0,0,0,0,0,0,0,0,0,381,909,934,913,0
POS,101968,-41.46,0,0,0,0,0,0,0,0,0,0,760,937,934,78
POS,101988,-42.85,0,0,0,0,0,0,0,0,0,0,706,957,942,256
POS,102008,-44.43,0,0,0,0,0,0,0,0,0,0,605,968,966,445
POS,102118,-50.32,0,0,0,0,0,0,0,0,0,0,0,908,956,930
POS,102138,-50.46,0,0,0,0,0,0,0,0,0,0,0,906,945,969
POS,102158,-50.61,0,0,0,0,0,0,0,0,0,0,0,848,932,949
POS,102268,-55.29,0,0,0,0,0,0,0,0,0,0,0,0,929,949
POS,102288,-55.24,0,0,0,0,0,0,0,0,0,0,0,0,950,950
POS,102308,-55.21,0,0,0,0,0,0,0,0,0,0,0,0,957,944
POS,102418,-57.22,0,0,0,0,0,0,0,0,0,0,0,0,394,909
POS,102438,-59.02,0,0,0,0,0,0,0,0,0,0,0,0,132,950
POS,102458,-60.24,0,0,0,0,0,0,0,0,0,0,0,0,0,945
POS,102568,-60.24,0,0,0,0,0,0,0,0,0,0,0,0,0,888
POS,102588,-60.24,0,0,0,0,0,0,0,0,0,0,0,0,0,761
POS,102608,-60.24,0,0,0,0,0,0,0,0,0,0,0,0,0,589
POS,102718,lost,0,0,0,0,0,0,0,0,0,0,0,0,0,0
POS,102738,lost,0,0,0,0,0,0,0,0,0,0,0,0,0,0
POS,102758,lost,0,0,0,0,0,0,0,0,0,0,0,0,0,0
POS,102868,lost,0,0,0,0,0,0,0,0,0,0,0,0,0,0
POS,102888,lost,0,0,0,0,0,0,0,0,0,0,0,0,0,0
POS,102908,lost,0,0,0,0,0,0,0,0,0,0,0,0,0,0
POS,103018,lost,0,0,0,0,0,0,0,0,0,0,0,0,0,0
POS,103038,lost,0,0,0,0,0,0,0,0,0,0,0,0,0,0
POS,103058,lost,0,0,0,0,0,0,0,0,0,0,0,0,0,0
POS,103168,lost,0,0,0,0,0,0,0,0,0,0,0,0,0,0
POS,103188,lost,0,0,0,0,0,0,0,0,0,0,0,0,0,0
POS,103208,lost,0,0,0,0,0,0,0,0,0,0,0,0,0,0
POS,103318,lost,0,0,0,0,0,0,0,0,0,0,0,0,0,0
POS,103338,lost,0,0,0,0,0,0,0,0,0,0,0,0,0,0
POS,103358,lost,0,0,0,0,0,0,0,0,0,0,0,0,0,0
POS,103468,lost,0,0,0,0,0,0,0,0,0,0,0,0,0,0
POS,103488,lost,0,0,0,0,0,0,0,0,0,0,0,0,0,0
POS,103508,lost,0,0,0,0,0,0,0,0,0,0,0,0,0,0
POS,103618,lost,0,0,0,0,0,0,0,0,0,0,0,0,0,0
POS,103638,lost,0,0,0,0,0,0,0,0,0,0,0,0,0,0
POS,103658,lost,0,0,0,0,0,0,0,0,0,0,0,0,0,0
POS,103768,lost,0,0,0,0,0,0,0,0,0,0,0,0,0,104
POS,103788,lost,0,0,0,0,0,0,0,0,0,0,0,0,0,260
POS,103808,-60.24,0,0,0,0,0,0,0,0,0,0,0,0,0,476
POS,103918,-60.24,0,0,0,0,0,0,0,0,0,0,0,0,0,962
POS,103938,-60.24,0,0,0,0,0,0,0,0,0,0,0,0,0,920
POS,103958,-60.24,0,0,0,0,0,0,0,0,0,0,0,0,0,938
POS,104068,-56.14,0,0,0,0,0,0,0,0,0,0,0,0,657,945
POS,104088,-55.65,0,0,0,0,0,0,0,0,0,0,0,0,836,985
POS,104108,-55.39,0,0,0,0,0,0,0,0,0,0,0,0,904,958
POS,104218,-55.25,0,0,0,0,0,0,0,0,0,0,0,0,934,938
POS,104238,-55.19,0,0,0,0,0,0,0,0,0,0,0,13,948,969
POS,104258,-54.33,0,0,0,0,0,0,0,0,0,0,0,130,970,980
POS,104368,-50.34,0,0,0,0,0,0,0,0,0,0,0,930,981,960
POS,104388,-50.41,0,0,0,0,0,0,0,0,0,0,0,930,985,980
POS,104408,-50.47,0,0,0,0,0,0,0,0,0,0,0,898,978,962
POS,104518,-48.88,0,0,0,0,0,0,0,0,0,0,162,938,972,862
POS,104538,-46.78,0,0,0,0,0,0,0,0,0,0,408,932,942,712
POS,104558,-44.00,0,0,0,0,0,0,0,0,0,0,642,956,965,394
POS,104668,-37.30,0,0,0,0,0,0,0,0,0,558,932,968,921,0
POS,104688,-35.88,0,0,0,0,0,0,0,0,0,768,968,954,800,0
POS,104708,-34.38,0,0,0,0,0,0,0,0,0,848,961,916,541,0