RAW,234353,14,1773,3606,3626,3456,346,543,381,20,620,566,1163,1166,1143
RAW,234373,20,1720,3624,3661,3442,488,592,376,18,660,527,1178,1219,1167
RAW,234393,19,1700,3584,3639,3444,892,607,403,20,592,555,1120,1163,1149
RAW,234491,14,1630,3414,3643,3607,2651,882,378,18,604,542,1183,1245,1209
RAW,234511,20,1598,3255,3624,3637,2927,899,409,21,651,475,1207,1193,1163
RAW,234531,20,1597,3043,3629,3595,3024,938,412,21,623,548,1121,1266,1218
RAW,234551,19,1578,2733,3603,3576,3205,994,413,20,659,508,1155,1225,1176
RAW,234641,14,1524,1556,3464,3614,3326,1703,479,21,637,455,1169,1207,1126
RAW,234661,22,1547,1515,3460,3591,3489,2001,462,22,585,542,1135,1259,1227
RAW,234681,21,1515,1431,3433,3614,3499,2403,532,26,631,493,1184,1187,1129
RAW,234701,23,1541,1390,3386,3563,3324,2781,540,27,620,540,1134,1245,1252
RAW,234791,18,1530,1364,2603,3507,3592,3376,707,30,632,572,1159,1183,1262
RAW,234811,24,1527,1322,2103,3474,3531,3350,690,30,632,530,1099,1193,1214
RAW,234831,25,1540,1352,1726,3398,3477,3352,790,31,606,505,1126,1150,1295
RAW,234851,26,1536,1323,1241,3390,3485,3451,800,32,655,497,1122,1195,1250
RAW,234941,18,1554,1338,651,3131,3531,3535,1642,43,642,531,1070,1173,1325
RAW,234961,26,1560,1304,565,3187,3474,3566,1894,47,698,530,1129,1187,1276
RAW,234981,23,1544,1325,542,3207,3460,3569,1957,48,721,529,1160,1153,1231
RAW,235001,25,1544,1331,562,3194,3458,3547,2197,90,723,499,1164,1147,1313
RAW,235091,19,1559,1253,451,2712,3560,3646,3044,116,701,566,1062,1226,1299
RAW,235111,25,1546,1304,371,2458,3575,3635,3090,123,692,575,1100,1152,1192
RAW,235131,25,1562,1310,367,2155,3559,3575,3198,127,743,544,1122,1126,1328
RAW,235151,24,1567,1238,364,1786,3514,3573,3145,126,711,576,1072,1219,1292
RAW,235241,19,1580,1279,331,687,3299,3634,3348,145,714,597,1045,1123,1331
RAW,235261,24,1590,1305,308,557,3222,3582,3346,152,800,608,1098,1172,1303
RAW,235281,25,1596,1320,327,518,3336,3572,3484,166,806,571,1160,1060,1341
RAW,235301,26,1583,1263,320,453,3366,3571,3567,175,799,638,1129,1169,1287
RAW,235391,19,1898,1327,320,419,3042,3641,3562,207,946,632,1145,1133,1341
RAW,235411,28,1858,1298,327,387,3164,3643,3602,210,923,593,1122,1112,1328
RAW,235431,26,1852,1339,316,363,3175,3642,3602,215,888,658,1031,1169,1292
RAW,235451,24,1850,1402,341,378,3103,3618,3542,214,962,649,1074,1134,1354
RAW,235541,16,1866,1652,328,320,2198,3493,3598,222,1035,692,1117,1163,1286
RAW,235561,21,1864,1655,381,320,1751,3401,3517,218,1043,681,1049,1150,1371
RAW,235581,24,1860,1662,386,311,1544,3377,3545,220,1099,637,1125,1120,1379
RAW,235601,24,1859,1665,344,303,1255,3420,3479,214,1110,687,1041,1132,1300
RAW,235691,14,1882,1655,441,304,339,3150,3523,225,2011,802,1142,1151,1383
RAW,235711,24,1871,1652,449,304,322,3150,3534,232,2226,848,1049,1127,1363
RAW,235731,23,1886,1668,480,315,325,3081,3537,229,2653,830,1171,1095,1390
RAW,235751,23,1893,1674,529,309,304,2962,3587,229,3025,947,1131,1126,1399
RAW,235841,14,1896,1686,594,323,279,1803,3489,224,3355,1122,1177,1166,1304
RAW,235861,20,1876,1676,686,311,283,1619,3464,222,3364,1134,1218,1162,1314
RAW,235881,16,1868,1685,726,319,274,1384,3466,222,3363,1199,1232,1095,1361
RAW,235901,20,1835,1685,777,328,272,1286,3430,222,3350,1318,1218,1160,1360
RAW,235991,11,1667,1691,897,346,283,913,3405,218,3463,1919,1167,1168,1271
RAW,236011,21,1640,1689,919,342,281,848,3414,219,3524,2126,1253,1105,1336
RAW,236031,18,1662,1697,956,374,275,836,3397,221,3565,2423,1261,1157,1338
RAW,236051,19,1632,1699,914,367,284,791,3360,218,3558,2715,1220,1163,1296
RAW,236141,12,1550,1704,925,427,285,701,3214,210,3617,3318,1275,1206,1262
RAW,236161,18,1527,1702,1018,380,280,665,3053,195,3582,3388,1315,1155,1323
RAW,236181,18,1513,1699,969,453,287,671,2728,185,3678,3495,1291,1193,1297
RAW,236201,17,1507,1666,972,437,278,617,2498,168,3692,3485,1271,1180,1305
RAW,236291,10,1500,1681,970,488,283,523,1012,61,3650,3571,1476,1171,1280
RAW,236311,18,1503,1686,939,518,286,527,824,53,3638,3531,1574,1234,1298
RAW,236331,18,1506,1647,928,462,289,496,786,53,3610,3496,1781,1211,1237
RAW,236351,17,1501,1673,920,512,286,530,672,49,3571,3618,2069,1254,1280
RAW,236441,16,1525,1557,921,569,299,477,484,30,3645,3701,3363,1347,1232
RAW,236461,18,1531,1514,951,539,283,490,444,27,3566,3658,3354,1293,1328
RAW,236481,19,1535,1514,894,550,296,467,361,28,3530,3562,3483,1364,1247
RAW,236501,18,1538,1454,955,568,288,497,386,27,3565,3469,3519,1339,1331
RAW,236591,11,1599,1365,923,538,300,455,348,22,3449,3573,3578,1396,1317
RAW,236611,19,1575,1337,954,623,291,485,344,22,3389,3598,3560,1550,1315
RAW,236631,18,1597,1323,968,603,292,483,328,22,3354,3666,3575,1652,1341
RAW,236651,18,1587,1320,948,623,295,445,340,23,3377,3666,3618,1943,1282
RAW,236741,12,1609,1290,1027,632,291,452,340,22,2859,3531,3667,3082,1358
RAW,236761,18,1595,1312,1027,692,290,444,304,20,2778,3538,3703,3206,1335
RAW,236781,19,1593,1309,1026,689,291,446,302,20,2738,3542,3713,3264,1311
RAW,236801,17,1603,1297,998,684,298,455,326,21,2602,3563,3723,3338,1281
RAW,236891,12,1606,1300,919,714,285,428,305,20,1374,3397,3639,3654,1371
RAW,236911,19,1618,1294,886,674,297,474,351,20,1299,3361,3700,3644,1347
RAW,236931,18,1634,1271,860,692,287,463,340,19,1196,3246,3713,3641,1396
RAW,236951,20,1646,1280,808,686,295,467,322,19,1065,3168,3674,3612,1353
RAW,237041,16,1690,1277,613,620,291,485,355,18,781,1794,3647,3714,2732
RAW,237061,47,1692,1228,615,567,294,440,343,18,721,1290,3668,3701,3265
RAW,237081,48,1692,1300,626,507,299,472,331,19,632,953,3642,3686,3581
RAW,237101,51,1682,1278,573,560,295,463,340,20,704,863,3652,3755,3587
RAW,237191,14,1681,1290,570,456,295,453,373,18,596,745,3599,3726,3742
RAW,237211,50,1679,1256,538,492,295,495,374,19,662,684,3565,3701,3691
RAW,237231,50,1679,1239,512,503,288,502,378,19,661,654,3569,3672,3669
RAW,237251,50,1684,1271,503,485,286,501,361,18,617,689,3596,3657,3650
RAW,237341,16,1664,1254,444,406,296,466,384,20,636,542,3271,3702,3711
RAW,237361,50,1651,1257,492,403,292,455,369,20,620,605,3091,3773,3655
RAW,237381,51,1633,1314,431,402,303,483,347,18,578,553,2758,3760,3726
RAW,237401,51,1614,1323,478,389,282,448,320,18,636,562,2346,3666,3636
RAW,237491,18,1542,1230,461,389,294,452,320,18,601,463,1384,3509,3712
RAW,237511,56,1522,1258,411,345,285,462,329,19,565,538,1314,3647,3641
RAW,237531,57,1522,1234,431,391,294,428,314,18,628,499,1338,3642,3661
RAW,237551,56,1509,1253,405,389,296,435,330,19,550,501,1228,3532,3767
RAW,237641,18,1521,1281,433,384,285,431,316,17,611,457,1270,3595,3600
RAW,237661,58,1520,1228,374,377,286,385,335,19,588,517,1238,3526,3629
RAW,237681,57,1512,1254,420,339,285,415,314,16,575,516,1206,3447,3596
RAW,237701,58,1519,1298,419,351,291,390,321,16,622,503,1221,3343,3695
RAW,237791,16,1507,1311,374,342,288,388,324,18,571,461,1110,2395,3681
RAW,237811,59,1531,1287,376,324,280,416,306,20,605,496,1138,2017,3560
RAW,237831,58,1516,1292,369,327,288,385,323,20,569,454,1097,1751,3635
RAW,237851,57,1527,1288,331,313,287,417,304,17,604,512,1038,1533,3634
RAW,237941,18,1547,1326,316,315,278,421,327,18,622,488,1055,1221,3671
RAW,237961,60,1559,1317,305,311,288,379,331,19,637,433,1078,1203,3680
RAW,237981,58,1558,1282,311,315,281,410,306,19,604,474,1035,1242,3661
RAW,238001,58,1569,1318,299,306,287,408,328,19,558,492,1100,1169,3637
RAW,238091,19,1601,1313,307,296,288,461,307,20,626,469,1056,1204,3247
RAW,238111,55,1603,1320,303,295,288,456,310,18,619,461,1075,1185,3212
RAW,238131,58,1615,1315,300,291,290,451,319,17,578,434,1101,1158,3129
RAW,238151,55,1629,1287,320,295,291,450,320,20,600,497,1066,1185,2734
RAW,238241,10,1695,1319,318,286,280,478,319,18,619,490,1069,1100,1371
RAW,238261,19,1708,1329,322,288,283,458,325,19,641,532,1108,1088,1275
RAW,238281,19,1715,1319,314,281,281,490,307,18,583,426,1061,1133,1170
RAW,238301,20,1697,1344,327,285,280,428,329,17,608,438,1112,1024,1164
RAW,238391,16,1783,1403,336,288,273,482,345,18,547,425,1098,1059,1219
RAW,238411,20,1805,1395,325,282,272,483,332,16,501,484,1087,1146,1199
RAW,238431,19,1801,1402,339,284,274,503,312,18,581,479,1128,1078,1168
RAW,238451,19,1786,1433,340,281,272,518,329,20,560,389,1116,1075,1244
RAW,238541,12,1839,1451,349,287,268,512,330,18,564,484,1118,1093,1157
RAW,238561,20,1839,1472,351,284,269,530,331,18,565,443,1128,1079,1225
RAW,238581,20,1857,1479,355,286,267,537,331,17,531,425,1107,1114,1241
RAW,238601,19,1858,1483,349,289,266,520,332,18,500,488,1075,1147,1219
RAW,238691,13,1837,1520,408,301,270,464,346,20,606,472,1119,1119,1189
RAW,238711,19,1809,1520,419,296,268,476,339,18,594,395,1138,1073,1256
RAW,238731,17,1801,1542,446,295,265,476,330,18,553,400,1131,1114,1267
RAW,238751,23,1810,1547,447,298,266,478,333,19,538,421,1127,1133,1269
RAW,238841,13,1801,1541,441,298,266,478,332,19,537,424,1127,1144,1283
RAW,238861,20,1802,1540,441,298,266,477,331,17,536,424,1128,1142,1289
RAW,238881,17,1802,1538,441,297,266,476,331,18,538,423,1128,1143,1292
RAW,238901,21,1802,1537,439,298,266,476,331,18,539,425,1129,1142,1292
RAW,238991,13,1803,1538,440,296,266,475,331,16,539,426,1130,1150,1297
RAW,239011,21,1806,1538,440,297,265,477,331,19,538,425,1128,1152,1300
RAW,239031,19,1810,1540,439,298,265,475,331,18,540,426,1131,1154,1300
RAW,239051,20,1811,1540,440,297,266,476,331,19,539,427,1131,1156,1300
RAW,239141,13,1816,1542,442,297,265,473,331,17,539,429,1134,1163,1307
RAW,239161,19,1815,1541,441,298,265,473,332,18,540,432,1131,1163,1306
RAW,239181,20,1815,1541,441,297,265,476,331,19,538,429,1131,1168,1310
RAW,239201,21,1816,1541,440,298,265,475,330,17,540,431,1132,1171,1313
RAW,239291,13,1817,1541,442,298,266,474,331,20,539,431,1130,1181,1319
RAW,239311,19,1818,1540,440,298,264,474,331,18,541,432,1132,1183,1321
RAW,239331,24,1818,1540,440,298,265,474,333,20,540,431,1130,1187,1321
RAW,239351,19,1820,1543,441,297,265,475,332,19,540,431,1130,1185,1324
RAW,239441,13,1823,1543,441,299,264,474,332,19,542,431,1127,1189,1327
RAW,239461,26,1824,1544,442,297,266,474,331,17,543,433,1127,1190,1330
RAW,239481,17,1823,1543,440,298,265,474,331,19,544,432,1128,1187,1332
RAW,239501,19,1820,1543,441,298,265,471,332,18,544,434,1127,1187,1331
RAW,239591,11,1824,1542,440,297,265,474,331,17,544,432,1125,1186,1335
RAW,239611,16,1823,1543,439,297,265,473,332,18,543,431,1124,1187,1335
RAW,239631,23,1822,1542,442,296,264,473,331,19,542,431,1125,1184,1335
RAW,239651,21,1820,1539,438,296,265,474,331,18,544,430,1126,1185,1337
RAW,239741,11,1820,1541,438,298,266,473,331,19,544,431,1125,1182,1338
RAW,239761,24,1821,1539,438,298,265,472,332,22,543,432,1124,1183,1338
RAW,239781,20,1820,1538,438,298,266,473,331,17,543,429,1125,1180,1339
RAW,239801,21,1822,1540,438,296,265,473,332,22,543,430,1123,1179,1338
RAW,239891,9,1822,1538,438,297,266,472,330,14,543,429,1122,1178,1343
RAW,239911,20,1824,1540,437,297,265,472,331,18,543,429,1124,1178,1340
RAW,239931,19,1825,1540,437,297,265,472,332,18,543,428,1121,1176,1338
RAW,239951,20,1825,1538,437,297,265,475,331,16,541,428,1122,1176,1340
RAW,240041,17,1825,1538,434,298,265,472,331,16,544,430,1124,1176,1342
RAW,240061,20,1825,1539,435,296,265,471,331,22,541,429,1123,1175,1343
RAW,240081,18,1823,1537,434,297,264,471,331,19,544,429,1123,1174,1344
RAW,240101,20,1824,1536,434,296,266,470,333,18,544,428,1122,1174,1342
RAW,240191,14,1825,1538,434,296,266,470,332,18,543,429,1122,1172,1343
RAW,240211,20,1827,1536,434,296,264,472,330,18,543,428,1122,1170,1345
RAW,240231,18,1823,1535,433,296,266,469,332,17,543,429,1120,1171,1344
RAW,240251,20,1823,1534,432,297,265,469,331,17,542,430,1123,1168,1343
RAW,240341,16,1796,1511,422,294,265,465,333,16,549,428,1125,1152,1348
RAW,240361,24,1785,1503,417,294,264,462,335,16,548,425,1124,1146,1346
RAW,240381,19,1790,1476,397,298,269,456,347,19,604,451,1142,1151,1284
RAW,240401,18,1766,1454,350,289,266,486,339,19,558,517,1042,1194,1298
RAW,240491,10,1669,1390,338,279,267,491,339,19,566,455,1114,1175,1317
RAW,240511,19,1661,1385,337,278,267,491,339,17,566,456,1112,1172,1315
RAW,240531,20,1654,1382,339,279,267,494,339,19,566,457,1115,1168,1325
RAW,240551,22,1642,1370,339,280,268,493,341,19,576,465,1125,1152,1340
RAW,240641,15,1623,1343,326,281,269,465,326,19,566,504,1119,1156,1324
RAW,240661,20,1618,1346,312,279,268,455,329,18,552,495,1101,1169,1283
RAW,240681,21,1604,1361,305,282,267,450,339,20,550,462,1087,1183,1244
RAW,240701,20,1598,1364,303,280,267,454,339,19,549,453,1089,1185,1238
RAW,240791,12,1561,1286,312,286,273,512,355,18,605,472,1127,1106,1320
RAW,240811,22,1555,1294,303,283,272,476,323,18,590,495,1109,1086,1289
RAW,240831,20,1538,1329,306,284,274,463,323,18,507,500,1102,1152,1206
RAW,240851,17,1539,1337,309,289,269,488,340,19,566,417,1130,1172,1275
RAW,240941,12,1594,1327,304,290,272,427,330,20,599,455,1037,1154,1223
RAW,240961,20,1639,1368,300,291,270,464,314,18,526,507,1114,1115,1334
RAW,240981,19,1644,1295,295,292,267,436,325,21,603,445,1097,1082,1318
RAW,241001,17,1669,1324,299,290,271,415,331,19,592,441,1019,1129,1369
RAW,241091,12,1723,1293,307,296,266,443,326,19,545,404,1066,1103,2797
RAW,241111,45,1727,1338,313,296,267,417,312,17,474,459,1072,1118,3062
RAW,241131,47,1732,1341,308,299,269,397,333,18,582,486,1014,1163,3222
RAW,241151,48,1724,1326,306,297,269,444,325,18,599,423,1057,1106,3341
RAW,241241,15,1706,1364,320,300,266,441,312,19,527,500,1081,1191,3648
RAW,241261,51,1702,1348,328,294,270,411,353,19,540,473,1027,1246,3646
RAW,241281,51,1698,1221,317,299,265,434,333,18,573,521,1069,1141,3565
RAW,241301,50,1710,1338,334,291,268,410,323,18,472,500,996,1222,3599
RAW,241391,16,1693,1299,328,294,273,423,330,19,457,388,1088,1595,3629
RAW,241411,52,1683,1334,352,298,268,458,352,19,574,476,1136,1775,3671
RAW,241431,51,1688,1320,379,295,271,435,317,18,524,449,1120,2155,3717
RAW,241451,53,1673,1335,335,299,268,460,341,18,583,482,1186,2586,3710
RAW,241541,17,1659,1337,354,289,271,441,372,21,604,429,1293,3476,3735
RAW,241561,54,1650,1278,346,291,268,461,348,19,615,489,1294,3574,3724
RAW,241581,52,1662,1316,357,290,274,410,323,18,554,512,1286,3618,3657
RAW,241601,52,1655,1326,341,293,274,438,368,22,603,463,1343,3615,3646
RAW,241691,16,1641,1303,346,289,272,487,322,20,562,519,1375,3701,3626
RAW,241711,50,1651,1294,337,293,271,447,360,17,622,490,1435,3653,3616
RAW,241731,53,1631,1326,344,290,270,474,326,19,578,525,1466,3586,3736
RAW,241751,53,1626,1322,346,290,270,435,352,15,615,498,1577,3614,3789
RAW,241841,18,1620,1286,334,286,270,443,328,17,641,604,2451,3636,3637
RAW,241861,53,1617,1317,347,283,269,408,350,18,580,572,2586,3665,3683
RAW,241881,52,1608,1315,329,293,266,411,343,18,662,584,2910,3726,3741
RAW,241901,53,1592,1258,337,289,267,432,322,17,668,627,3100,3747,3727
RAW,241991,19,1603,1262,345,294,268,421,327,17,702,633,3578,3660,3791
RAW,242011,56,1590,1290,347,289,267,469,301,17,628,706,3578,3709,3756
RAW,242031,54,1605,1313,343,294,270,419,326,20,644,689,3531,3776,3639
RAW,242051,53,1586,1274,363,292,271,433,333,18,608,720,3599,3793,3618
RAW,242141,16,1584,1270,324,293,268,455,326,19,683,846,3638,3649,3665
RAW,242161,53,1579,1293,343,288,267,452,329,18,635,966,3626,3653,3610
RAW,242181,53,1596,1323,352,289,268,497,356,18,667,1059,3627,3726,3522
RAW,242201,52,1591,1299,352,290,265,495,337,19,711,1280,3631,3739,3404
RAW,242291,13,1581,1312,353,293,272,494,339,18,876,2618,3707,3666,2320
RAW,242311,45,1574,1260,338,291,266,506,343,21,906,2846,3710,3683,2115
RAW,242331,41,1556,1302,361,287,269,492,367,21,907,2981,3684,3660,1906
RAW,242351,22,1578,1309,339,295,266,439,360,21,989,3051,3679,3700,1602
RAW,242441,10,1552,1264,351,290,267,480,318,19,1099,3289,3735,3661,1356
RAW,242461,19,1559,1311,348,288,268,463,325,18,1210,3326,3742,3581,1364
RAW,242481,19,1567,1300,313,292,268,403,345,21,1320,3385,3741,3622,1299
RAW,242501,18,1541,1267,340,290,270,451,394,20,1526,3408,3685,3603,1315
RAW,242591,12,1546,1279,341,288,269,479,332,22,2808,3583,3775,3535,1167
RAW,242611,18,1525,1288,352,289,271,414,356,22,2999,3548,3729,3349,1238
RAW,242631,19,1531,1314,328,293,273,445,365,22,3137,3574,3618,3174,1267
RAW,242651,19,1536,1313,317,294,270,468,341,22,3195,3587,3595,3090,1226
RAW,242741,10,1521,1265,339,287,265,459,372,23,3362,3619,3583,2027,1231
RAW,242761,17,1527,1307,339,290,268,470,380,23,3405,3593,3470,1797,1246
RAW,242781,20,1539,1280,324,291,263,495,337,22,3429,3579,3537,1661,1215
RAW,242801,16,1530,1303,347,283,265,457,382,23,3429,3575,3612,1570,1195
RAW,242891,11,1554,1292,319,296,264,504,425,26,3545,3637,3452,1355,1195
RAW,242911,20,1556,1179,324,286,264,517,447,28,3557,3619,3486,1295,1158
RAW,242931,16,1546,1265,330,291,265,470,523,36,3569,3648,3428,1305,1211
RAW,242951,17,1564,1275,318,287,266,531,535,38,3636,3671,3387,1265,1108
RAW,243041,12,1579,1287,322,292,261,570,636,50,3582,3649,2505,1226,1123
RAW,243061,18,1575,1242,330,284,264,488,727,50,3616,3619,2221,1152,1177
RAW,243081,18,1567,1276,316,290,262,555,769,51,3665,3557,1946,1189,1179
RAW,243101,18,1576,1290,328,289,267,516,921,55,3677,3591,1707,1170,1170
RAW,243191,11,1610,1315,330,286,264,604,2218,160,3699,3460,1280,1097,1262
RAW,243211,19,1601,1254,315,292,263,675,2524,171,3702,3523,1234,1173,1266
RAW,243231,19,1599,1309,339,290,266,681,2720,185,3677,3528,1234,1150,1202
RAW,243251,17,1606,1216,334,283,270,728,3013,199,3600,3467,1206,1130,1293
RAW,243341,13,1635,1278,315,286,264,813,3251,218,3573,3084,1150,1106,1261
RAW,243361,19,1608,1256,322,291,260,877,3266,214,3567,2790,1144,1172,1307
RAW,243381,18,1634,1298,323,290,267,867,3374,217,3593,2570,1181,1134,1217
RAW,243401,17,1640,1203,322,284,267,786,3416,219,3574,2251,1088,1142,1253
RAW,243491,14,1641,1231,311,289,268,1235,3463,223,3359,1344,1142,1056,1314
RAW,243511,19,1652,1248,311,288,269,1402,3476,220,3357,1215,1040,1139,1297
RAW,243531,21,1647,1284,291,289,270,1723,3484,227,3362,1131,1080,1103,1388
RAW,243551,21,1641,1298,302,289,274,1888,3498,222,3369,1125,1136,1028,1366
RAW,243641,16,1642,1249,315,287,298,2739,3596,231,3129,915,1111,1159,1397
RAW,243661,22,1646,1294,315,292,300,2871,3598,230,3069,865,1146,1173,1467
RAW,243681,23,1632,1311,308,297,296,2988,3604,224,2975,891,1134,1173,1486
RAW,243701,21,1635,1309,307,290,310,3090,3556,236,2765,879,1057,1095,1495
RAW,243791,16,1640,1193,304,297,353,3219,3573,227,1759,663,1139,1181,1472
RAW,243811,24,1639,1276,307,294,421,3260,3613,222,1552,698,1110,1167,1555
RAW,243831,23,1641,1271,312,300,629,3303,3594,232,1283,629,1130,1140,1559
RAW,243851,25,1609,1331,302,309,778,3373,3507,216,1237,656,1149,1195,1618
RAW,243941,20,1604,1262,305,353,2535,3542,3605,224,999,672,1147,1170,1695
RAW,243961,26,1632,1310,312,343,2852,3540,3490,219,977,653,1157,1162,1722
RAW,243981,27,1622,1207,306,383,3076,3589,3483,208,996,668,1178,1184,1743
RAW,244001,25,1619,1314,318,367,3086,3614,3612,215,931,634,1143,1196,1741
RAW,244091,19,1624,1324,327,486,3341,3564,3589,175,759,620,1145,1291,1735
RAW,244111,27,1614,1256,324,538,3324,3544,3478,161,800,643,1187,1219,1735
RAW,244131,27,1586,1328,321,580,3200,3615,3343,148,727,597,1181,1320,1713
RAW,244151,26,1600,1284,315,879,3356,3620,3419,140,742,611,1183,1324,1732
RAW,244241,21,1567,1335,432,2533,3570,3631,3042,116,755,572,1214,1420,1705
RAW,244261,28,1579,1356,481,2643,3566,3592,3005,113,767,584,1210,1410,1650
RAW,244281,27,1592,1360,530,2766,3551,3550,2982,113,765,598,1176,1395,1601
RAW,244301,25,1589,1329,538,2846,3536,3516,2950,113,743,599,1173,1406,1611
RAW,244391,19,1580,1275,495,2993,3486,3488,2790,109,737,585,1227,1418,1658
RAW,244411,27,1579,1284,489,3006,3487,3492,2772,107,745,579,1227,1407,1653
RAW,244431,26,1550,1337,515,3077,3484,3523,2627,103,761,558,1254,1445,1662
RAW,244451,24,1576,1290,557,3148,3447,3577,2102,84,716,573,1251,1487,1661
RAW,244541,18,1567,1313,1901,3395,3502,3369,734,32,725,577,1287,1393,1436
RAW,244561,26,1561,1396,2319,3492,3564,3398,605,30,737,568,1355,1324,1463
RAW,244581,23,1554,1370,2557,3532,3559,3407,636,33,744,564,1367,1364,1409
RAW,244601,26,1561,1306,2718,3538,3472,3406,615,30,727,586,1349,1365,1348
RAW,244691,18,1549,1322,3254,3602,3466,3250,621,29,738,610,1378,1277,1318
RAW,244711,24,1561,1343,3263,3618,3498,3232,576,29,727,619,1347,1270,1273
RAW,244731,25,1562,1369,3257,3623,3507,3228,555,27,725,616,1315,1253,1271
RAW,244751,24,1569,1391,3252,3627,3526,3208,532,29,735,604,1272,1242,1306
RAW,244841,17,1586,1379,3424,3553,3479,2626,536,28,741,573,1259,1152,1333
RAW,244861,22,1609,1461,3486,3561,3470,2181,469,23,708,629,1214,1211,1269
RAW,244881,23,1620,1406,3489,3540,3310,1831,492,23,734,586,1242,1151,1315
RAW,244901,20,1630,1504,3429,3610,3222,1532,430,22,706,623,1189,1224,1251
RAW,244991,13,1667,2000,3518,3516,3183,1042,428,21,725,588,1220,1186,1240
RAW,245011,20,1675,2157,3559,3532,3110,1031,445,20,715,606,1214,1221,1163
RAW,245031,20,1691,2333,3582,3538,3051,994,469,21,694,586,1158,1262,1209
RAW,245051,20,1692,2483,3615,3587,3013,936,425,21,698,571,1132,1228,1263
RAW,245141,14,1758,3328,3593,3484,2280,796,440,20,682,603,1161,1229,1210
RAW,245161,20,1745,3404,3606,3538,1883,707,439,20,708,598,1090,1224,1249
RAW,245181,19,1771,3486,3570,3527,1521,718,384,20,714,571,1080,1164,1199
RAW,245201,16,1787,3521,3559,3454,1261,700,421,21,676,585,1140,1221,1168
RAW,245291,13,1818,3556,3642,3433,452,576,405,20,706,594,1134,1220,1135
RAW,245311,19,1822,3575,3561,3401,387,578,400,20,709,598,1104,1167,1188
RAW,245331,17,1849,3602,3553,3355,330,616,395,17,703,558,1133,1182,1166
RAW,245351,18,1854,3587,3578,3318,344,550,405,19,707,585,1142,1230,1163
RAW,245441,11,1968,3622,3559,3366,300,564,375,19,712,584,1096,1175,1188
RAW,245461,17,2036,3637,3491,3322,303,595,411,19,704,588,1128,1182,1192
RAW,245481,17,2173,3642,3533,3220,303,558,419,19,708,606,1161,1177,1119
RAW,245501,18,2353,3653,3614,3164,292,575,381,20,719,611,1161,1119,1183
RAW,245591,11,3205,3722,3554,2604,285,543,410,19,723,509,1152,1128,1178
RAW,245611,15,3362,3661,3608,2344,287,545,384,20,711,580,1153,1072,1126
RAW,245631,19,3460,3688,3603,2092,282,566,363,20,711,590,1084,1031,1174
RAW,245651,16,3513,3731,3560,1777,277,557,386,18,722,589,1150,1086,1167
RAW,245741,10,3641,3736,3414,800,275,512,375,20,678,591,1126,1001,1126
RAW,245761,16,3656,3758,3429,724,269,540,358,18,706,591,1144,1051,1089
RAW,245781,16,3673,3759,3398,591,272,514,399,18,655,530,1142,1102,1082
RAW,245801,17,3677,3666,3301,577,270,520,368,21,696,605,1096,1015,1136
RAW,245891,8,3712,3745,2503,380,266,525,352,17,645,595,1136,1102,1172
RAW,245911,19,3701,3759,2182,338,270,475,384,22,702,566,1126,1142,1049
RAW,245931,18,3710,3746,1631,337,265,525,372,19,681,524,1138,1053,1145
RAW,245951,22,3734,3695,1410,325,267,515,370,20,646,554,1128,1101,1099
RAW,246041,16,3754,3690,818,315,266,498,328,18,640,531,1117,1128,1105
RAW,246061,25,3747,3742,771,307,267,482,348,17,655,491,1099,1131,1097
RAW,246081,28,3741,3762,696,305,268,482,383,19,657,495,1079,1061,1191
RAW,246101,33,3755,3764,584,309,266,521,332,21,613,517,1089,1101,1143
RAW,246191,36,3770,3671,471,301,263,479,387,19,653,545,1106,1078,1244
RAW,246211,50,3770,3699,440,302,263,500,358,18,602,466,1069,1143,1177
RAW,246231,51,3771,3717,452,299,265,471,378,22,624,545,1111,979,1259
RAW,246251,54,3768,3712,396,301,261,455,393,19,624,525,1146,1159,1294
RAW,246341,40,3774,3386,380,297,261,484,373,18,618,575,1083,1146,1267
RAW,246361,53,3767,3230,389,295,262,435,358,18,651,601,1090,1125,1304
RAW,246381,53,3760,3041,368,301,264,443,410,18,643,602,1129,1150,1342
RAW,246401,53,3758,2938,337,301,261,470,415,20,632,627,1116,1168,1335
RAW,246491,46,3768,2161,332,300,254,469,367,20,654,616,1147,1169,1295
RAW,246511,59,3758,2016,333,295,261,425,391,20,612,566,1136,1173,1351
RAW,246531,62,3746,1868,323,295,262,461,393,22,639,595,1102,1174,1375
RAW,246551,53,3750,1772,312,295,260,482,385,19,668,609,1074,1155,1379
RAW,246641,43,3748,1596,322,292,259,489,351,18,637,593,1100,1155,1422
RAW,246661,48,3746,1595,326,291,262,435,334,18,612,548,1138,1188,1466
RAW,246681,54,3747,1576,315,293,261,453,404,18,655,550,1118,1196,1508
RAW,246701,56,3743,1529,312,291,259,496,412,19,675,583,1090,1221,1504
RAW,246791,52,3715,1510,319,287,259,503,407,20,697,587,1135,1273,1687
RAW,246811,66,3719,1528,324,282,263,507,396,21,688,568,1168,1247,1676
RAW,246831,65,3715,1534,322,287,265,468,350,19,720,584,1173,1248,1674
RAW,246851,62,3712,1506,318,289,264,467,353,19,728,587,1165,1268,1677
RAW,246941,41,3608,1509,320,285,264,443,375,19,735,584,1162,1290,1703
RAW,246961,56,3588,1459,313,285,262,439,392,19,730,586,1163,1311,1717
RAW,246981,64,3530,1469,310,284,262,468,379,19,699,563,1190,1311,1714
RAW,247001,58,3353,1479,311,280,264,403,388,18,715,578,1165,1306,1720
RAW,247091,44,2240,1343,302,283,259,445,335,20,677,529,1227,1378,1717
RAW,247111,57,2023,1355,293,283,264,428,344,19,708,549,1207,1385,1723
RAW,247131,53,1933,1287,294,285,259,476,359,19,691,544,1218,1406,1726
RAW,247151,57,1865,1295,301,283,259,443,334,20,717,522,1262,1393,1737
RAW,247241,42,1721,1265,294,287,261,490,366,20,712,579,1285,1455,1712
RAW,247261,56,1687,1315,304,283,264,462,326,19,738,566,1322,1465,1729
RAW,247281,61,1682,1287,300,286,265,394,328,18,714,599,1319,1459,1731
RAW,247301,59,1682,1218,288,290,263,432,360,18,707,603,1331,1469,1732
RAW,247391,36,1655,1330,295,285,265,498,342,20,698,624,1328,1487,1736
RAW,247411,49,1637,1336,304,279,266,454,332,18,727,645,1343,1468,1730
RAW,247431,46,1619,1306,302,285,264,450,365,19,714,662,1379,1490,1734
RAW,247451,42,1622,1251,295,285,262,497,363,19,706,656,1360,1493,1736
RAW,247541,17,1600,1296,302,280,269,459,351,18,745,730,1402,1476,1730
RAW,247561,26,1584,1269,294,286,269,463,384,20,729,734,1407,1462,1744
RAW,247581,25,1590,1321,301,286,264,499,367,20,744,756,1409,1488,1742
RAW,247601,21,1585,1310,307,278,267,482,415,20,756,749,1424,1473,1727
RAW,247691,14,1573,1305,306,282,264,504,390,19,750,805,1455,1487,1736
RAW,247711,22,1575,1303,305,282,264,504,388,19,751,808,1458,1486,1731
RAW,247731,23,1573,1301,304,282,265,503,390,21,754,810,1463,1486,1728
RAW,247751,20,1574,1298,304,280,266,499,393,20,756,814,1466,1483,1727
RAW,247841,12,1573,1314,303,279,267,468,420,20,769,788,1467,1511,1730
RAW,247861,20,1565,1222,302,288,269,519,366,18,773,843,1486,1478,1747
RAW,247881,24,1566,1298,307,287,273,521,406,20,792,843,1508,1498,1709
RAW,247901,21,1548,1210,296,291,272,491,384,22,776,806,1510,1468,1722
RAW,247991,12,1561,1186,295,293,272,509,349,17,781,823,1511,1482,1751
RAW,248011,21,1568,1276,305,289,272,536,379,18,792,837,1485,1476,1750
RAW,248031,20,1573,1318,311,288,273,553,424,20,793,829,1522,1500,1729
RAW,248051,21,1568,1289,308,292,278,534,435,21,798,810,1536,1506,1758
RAW,248141,13,1570,1297,314,289,277,542,445,19,773,783,1509,1539,1784
RAW,248161,23,1558,1270,305,294,279,523,424,20,793,793,1523,1549,1789
RAW,248181,22,1549,1223,294,296,277,514,423,18,795,817,1531,1519,1788
RAW,248201,23,1564,1284,294,298,274,540,461,19,763,828,1488,1513,1787
RAW,248291,11,1561,1305,309,291,273,628,419,19,763,831,1500,1562,1790
RAW,248311,25,1565,1311,316,281,276,621,437,19,789,810,1518,1595,1788
RAW,248331,22,1554,1276,311,288,277,598,443,19,801,799,1520,1598,1771
RAW,248351,20,1550,1251,302,295,277,594,426,21,804,811,1522,1556,1778
RAW,248441,12,1547,1295,311,296,280,594,396,21,785,774,1512,1609,1780
RAW,248461,21,1544,1298,312,298,279,594,398,19,783,772,1511,1610,1779
RAW,248481,23,1547,1294,312,297,280,594,395,20,777,767,1504,1610,1782
RAW,248501,23,1546,1294,311,298,279,594,396,19,775,761,1500,1611,1781
RAW,248591,13,1544,1295,314,299,279,584,400,20,763,731,1458,1594,1795
RAW,248611,22,1546,1295,315,299,279,583,400,20,763,729,1456,1574,1798
RAW,248631,22,1546,1296,315,300,278,581,402,20,763,734,1457,1548,1799
RAW,248651,20,1547,1296,316,299,279,578,404,20,766,745,1449,1515,1781
RAW,248741,16,1551,1307,322,300,275,578,414,21,763,766,1413,1453,1735
RAW,248761,22,1550,1304,324,299,274,576,413,19,763,767,1408,1450,1729
RAW,248781,22,1552,1306,328,299,275,585,415,20,760,768,1407,1454,1724
RAW,248801,20,1554,1309,330,299,273,593,418,20,761,771,1410,1450,1719
RAW,248891,13,1556,1306,336,297,275,600,420,20,756,779,1410,1434,1703
RAW,248911,20,1557,1304,337,298,274,600,421,20,756,779,1407,1425,1703
RAW,248931,22,1556,1306,338,298,274,599,421,20,758,779,1405,1417,1699
RAW,248951,22,1557,1306,340,299,274,597,422,21,755,776,1404,1410,1697
RAW,249041,12,1559,1303,343,299,275,599,421,20,755,778,1402,1393,1689
RAW,249061,23,1561,1305,343,299,273,597,420,19,755,776,1402,1387,1688
RAW,249081,22,1559,1304,344,300,273,597,420,20,756,776,1398,1383,1687
RAW,249101,22,1562,1300,346,300,273,597,422,20,754,771,1394,1376,1687
RAW,249191,12,1562,1303,351,302,274,599,422,19,749,765,1393,1367,1684
RAW,249211,21,1562,1303,354,300,274,596,423,20,747,767,1393,1369,1687
RAW,249231,22,1565,1302,353,301,274,597,421,20,747,767,1395,1369,1687
RAW,249251,22,1564,1304,355,302,274,597,422,19,744,761,1395,1363,1690
RAW,249341,12,1551,1241,354,311,281,552,452,20,767,691,1396,1369,1710
RAW,249361,21,1567,1274,364,303,279,551,463,20,743,690,1369,1360,1726
RAW,249381,22,1580,1303,380,316,278,602,432,18,716,691,1344,1344,1730
RAW,249401,22,1583,1231,329,317,285,512,459,20,740,662,1383,1376,1713
RAW,249491,12,1587,1281,413,315,289,541,365,19,697,566,1262,1292,1685
RAW,249511,21,1563,1243,356,339,292,537,417,20,694,516,1233,1268,1571
RAW,249531,20,1567,1179,359,339,298,544,409,20,682,507,1204,1257,1539
RAW,249551,18,1580,1199,365,343,299,536,436,21,673,498,1165,1229,1546
RAW,249641,43,1677,1299,419,335,304,527,376,20,660,529,1146,1167,1369
RAW,249661,60,1773,1361,423,315,301,506,381,18,720,528,1081,1154,1309
RAW,249681,55,2468,1323,402,332,296,484,352,17,724,508,1044,1106,1299
RAW,249701,58,3671,1463,436,301,293,492,366,19,752,611,1018,1113,1206
RAW,249791,13,3752,3759,2075,339,275,460,319,20,737,576,1111,1097,1000
RAW,249811,19,3645,3782,3448,730,271,486,369,17,714,563,1110,1081,1084
RAW,249831,22,2892,3758,3599,3063,309,443,344,20,641,609,1136,1077,1260
RAW,249851,19,1823,3574,3574,3442,406,558,369,15,654,523,1115,1133,1243
RAW,249941,20,1886,1323,374,2083,3453,3583,3179,126,719,520,1157,1232,1329
RAW,249961,24,1924,1454,348,419,3184,3577,3478,180,878,586,1090,1221,1295
RAW,249981,19,1894,1610,368,321,1963,3456,3583,215,1063,656,1165,1233,1309
RAW,250001,24,1829,1612,369,296,309,3177,3550,219,2592,783,1064,1169,1282
RAW,250091,16,1540,1419,736,365,288,484,427,22,3541,3578,3513,1343,1275
RAW,250111,22,1571,1373,778,345,282,473,373,22,3347,3589,3600,1945,1352
RAW,250131,16,1581,1377,751,350,297,464,343,18,2332,3452,3636,3610,1327
RAW,250151,22,1560,1361,753,355,290,466,360,21,1091,3180,3698,3689,1456
RAW,250241,14,1639,1255,532,310,284,410,333,20,576,534,1506,3627,3784
RAW,250261,52,1639,1278,388,300,268,433,335,19,694,537,1270,3679,3682
RAW,250281,49,1673,1212,415,305,274,377,314,17,672,554,1238,3254,3657
RAW,250301,50,1699,1233,420,304,273,386,307,19,632,547,1018,1662,3608
RAW,250391,12,1630,1300,389,301,273,413,341,18,634,536,1088,1033,1269
RAW,250411,17,1602,1238,393,305,270,452,328,18,561,526,1035,1149,1222
RAW,250431,17,1587,1303,364,306,274,431,322,17,603,509,1117,1158,1209
RAW,250451,16,1565,1299,348,318,277,397,346,17,578,430,1109,1037,1220
RAW,250541,12,1539,1259,326,309,270,420,368,19,576,468,1123,1190,1338
RAW,250561,19,1543,1320,340,298,275,427,328,17,577,468,1090,1165,1303
RAW,250581,17,1536,1250,324,310,275,397,369,18,589,503,1113,1194,1312
RAW,250601,17,1518,1302,329,310,274,394,357,18,570,428,1117,1087,1297
RAW,250691,12,1520,1267,401,302,267,447,341,19,533,501,1006,1157,1351
RAW,250711,24,1522,1268,400,303,267,443,343,18,530,501,1008,1156,1353
RAW,250731,20,1524,1265,399,302,267,443,342,19,526,502,1009,1152,1357
RAW,250751,21,1525,1265,399,303,266,442,343,19,527,501,1013,1150,1357
RAW,250841,10,1526,1263,400,303,266,439,344,19,525,505,1017,1144,1365
RAW,250861,20,1530,1264,400,301,266,438,346,19,524,499,1017,1138,1369
RAW,250881,20,1532,1266,396,303,266,438,345,17,522,499,1019,1137,1376
RAW,250901,17,1531,1266,394,302,265,437,347,17,520,499,1022,1133,1383
RAW,250991,13,1527,1264,388,302,267,439,350,18,516,496,1040,1114,1403
RAW,251011,20,1525,1264,383,301,267,437,351,18,516,496,1047,1108,1404
RAW,251031,19,1506,1266,349,298,268,438,360,20,541,523,1094,1087,1385
RAW,251051,17,1543,1314,357,302,264,477,392,20,612,451,1057,1124,1294
RAW,251141,12,1615,1333,322,293,268,468,340,18,566,444,1086,1074,1269
RAW,251161,18,1624,1282,308,296,270,436,378,19,567,490,1134,1198,1348
RAW,251181,16,1651,1333,314,293,263,439,378,20,553,459,1130,1205,1322
RAW,251201,18,1667,1298,306,294,264,455,395,20,559,416,1128,1191,1343
RAW,251291,11,1746,1282,334,285,271,453,344,19,624,545,1078,1179,2846
RAW,251311,46,1755,1252,337,296,275,424,340,19,644,505,1041,1189,3619
RAW,251331,51,1753,1291,339,298,274,430,328,19,583,546,1039,1335,3706
RAW,251351,51,1730,1315,358,293,273,405,335,18,567,544,1191,3119,3678
RAW,251441,16,1623,1257,376,289,273,429,329,19,743,1119,3636,3770,3612
RAW,251461,53,1602,1226,346,299,273,495,337,20,994,2833,3603,3686,2037
RAW,251481,23,1599,1305,390,300,273,482,358,20,1254,3353,3715,3647,1538
RAW,251501,20,1563,1262,372,297,276,510,350,23,2802,3571,3750,3543,1557
RAW,251591,10,1554,1301,356,292,263,593,1254,71,3642,3611,1493,1518,1743
RAW,251611,21,1551,1181,358,289,266,709,3033,197,3703,3594,1479,1459,1749
RAW,251631,20,1579,1268,317,291,271,860,3328,216,3670,2506,1458,1455,1743
RAW,251651,21,1584,1267,315,293,271,1685,3423,220,3505,1112,1454,1466,1755
RAW,251741,18,1599,1312,335,463,3248,3528,3559,177,916,795,1457,1442,1764
RAW,251761,27,1570,1306,331,983,3357,3588,3319,134,853,704,1439,1468,1770
RAW,251781,28,1555,1319,432,2549,3543,3654,3046,120,832,659,1433,1507,1770
RAW,251801,26,1559,1212,571,3207,3434,3540,2140,91,808,648,1431,1504,1767
RAW,251891,12,1634,1632,3503,3586,3082,1158,392,20,691,645,1400,1309,1304
RAW,251911,15,1717,3125,3631,3512,2552,819,438,20,689,619,1332,1130,1322
RAW,251931,18,1805,3549,3631,3428,407,577,442,21,664,638,1166,1187,1289
RAW,251951,20,2107,3667,3516,3295,304,595,403,19,674,588,1115,1193,1200
RAW,252041,35,3766,3672,451,301,263,486,333,20,627,516,1003,1105,1184
RAW,252061,50,3751,2274,331,299,262,500,354,20,669,590,1034,1135,1287
RAW,252081,54,3730,1548,303,290,266,525,372,15,679,558,1077,1162,1346
RAW,252101,59,3671,1480,311,286,270,537,361,20,682,542,1142,1181,1554
RAW,252191,19,1643,1263,320,287,271,517,390,23,660,601,1352,1436,1681
RAW,252211,21,1600,1209,311,294,270,491,395,19,657,676,1378,1434,1718
RAW,252231,22,1575,1327,324,292,275,527,350,20,683,727,1449,1420,1726
RAW,252251,19,1556,1230,325,290,268,564,331,20,706,802,1475,1389,1726
RAW,252341,16,1543,1239,336,301,273,556,375,20,672,841,1461,1427,1753
RAW,252361,25,1546,1321,332,298,279,553,357,21,662,846,1459,1423,1739
RAW,252381,23,1552,1338,336,293,279,567,313,19,689,856,1472,1411,1735
RAW,252401,21,1549,1254,354,298,278,572,337,17,701,863,1467,1422,1733
RAW,252491,11,1541,1255,353,296,280,574,330,18,701,866,1461,1402,1753
RAW,252511,19,1542,1256,352,295,280,575,330,19,700,862,1462,1404,1751
RAW,252531,22,1543,1262,351,297,280,576,333,18,700,860,1459,1404,1746
RAW,252551,20,1543,1265,355,297,281,574,332,18,698,863,1460,1405,1740
RAW,252641,16,1545,1268,359,300,281,576,334,20,698,854,1464,1406,1739
RAW,252661,23,1546,1270,360,299,281,575,334,19,697,850,1462,1408,1739
RAW,252681,21,1546,1269,361,299,282,575,333,18,696,849,1464,1407,1739
RAW,252701,21,1546,1271,359,299,281,574,334,19,698,849,1464,1405,1738
RAW,252791,11,1544,1273,359,299,282,573,334,18,695,844,1457,1409,1739
RAW,252811,20,1544,1275,360,300,281,575,332,19,691,835,1456,1407,1740
RAW,252831,20,1540,1274,359,299,282,569,332,20,688,821,1447,1406,1732
RAW,252851,21,1547,1272,361,301,282,571,337,18,690,826,1455,1420,1732
RAW,252941,13,1553,1317,341,305,286,531,361,21,638,731,1422,1428,1642
RAW,252961,20,1544,1343,347,291,284,567,361,19,660,688,1360,1384,1561
RAW,252981,20,1533,1258,356,306,279,562,394,21,634,673,1351,1327,1552
RAW,253001,20,1545,1332,336,302,285,563,342,19,643,651,1298,1334,1464
RAW,253091,11,1558,1267,361,316,288,472,430,18,609,497,1179,1152,1211
RAW,253111,16,1569,1289,355,315,288,528,378,19,626,465,1170,1165,1297
RAW,253131,17,1582,1229,336,310,292,514,362,19,631,425,1128,1125,1251
RAW,253151,24,1624,1288,335,310,292,511,341,18,568,436,1110,1156,1216
RAW,253241,45,3728,1531,309,303,279,482,313,17,700,542,1086,1105,1117
RAW,253261,53,3767,2388,332,299,275,514,346,17,650,643,1072,1089,938
RAW,253281,50,3753,3691,381,299,268,508,363,19,687,512,1069,911,1058
RAW,253301,31,3764,3685,1047,306,270,494,371,21,605,532,1152,1109,1122
RAW,253391,12,1568,2327,3565,3572,3211,1021,435,22,665,525,1064,1219,1182
RAW,253411,23,1539,1378,3366,3583,3463,2828,513,26,596,541,1142,1195,1266
RAW,253431,26,1647,1335,1626,3405,3514,3392,767,30,683,526,1130,1235,1271
RAW,253451,22,1773,1288,602,2959,3494,3499,2738,105,712,581,1135,1114,1324
RAW,253541,14,1564,1464,435,360,303,1599,3451,229,3354,1104,1155,1147,1332
RAW,253561,20,1532,1421,472,354,294,776,3379,218,3628,2951,1188,1104,1327
RAW,253581,20,1526,1384,452,337,282,611,2020,87,3659,3570,1256,1122,1189
RAW,253601,17,1537,1323,456,349,292,479,674,53,3656,3592,2128,1121,1146
RAW,253691,11,1655,1320,358,294,279,482,355,19,779,1772,3736,3563,1369
RAW,253711,20,1670,1310,357,293,272,457,340,19,661,744,3593,3790,2819
RAW,253731,49,1700,1306,371,294,271,486,361,19,594,645,3520,3748,3691
RAW,253751,51,1711,1301,375,299,272,492,352,19,647,501,1884,3698,3667
RAW,253841,17,1523,1165,313,287,272,448,323,18,633,483,1146,1204,3636
RAW,253861,56,1502,1250,323,285,269,474,336,18,572,532,1049,1185,3594
RAW,253881,55,1471,1212,336,292,264,420,314,17,532,505,1067,1179,2478
RAW,253901,50,1442,1253,334,295,260,469,329,18,592,515,1074,1123,1278
RAW,253991,12,1665,1496,482,314,266,453,346,18,549,489,1079,1174,1175
RAW,254011,20,1679,1512,512,311,269,440,333,17,580,500,1056,1143,1213
RAW,254031,19,1701,1525,543,317,263,437,339,18,486,550,1086,1131,1180
RAW,254051,15,1741,1531,576,323,265,402,343,21,566,481,1092,1138,1202
RAW,254141,11,1762,1481,601,342,271,393,362,20,602,423,1078,1170,1202
RAW,254161,18,1763,1486,599,340,270,393,360,20,601,421,1083,1170,1191
RAW,254181,18,1763,1483,597,339,270,391,361,18,600,421,1083,1171,1195
RAW,254201,20,1763,1481,595,341,269,393,362,18,602,423,1084,1170,1198
RAW,254291,15,1764,1480,591,339,270,391,363,17,601,426,1083,1174,1210
RAW,254311,21,1765,1479,589,338,270,393,365,20,598,425,1081,1173,1216
RAW,254331,18,1764,1479,587,340,268,391,364,20,598,427,1082,1176,1222
RAW,254351,21,1764,1476,583,337,269,391,365,22,597,427,1081,1179,1224
RAW,254441,13,1743,1431,491,320,267,461,389,20,565,499,1094,1102,1321
RAW,254461,19,1731,1412,462,316,269,447,372,16,576,488,1107,1095,1289
RAW,254481,20,1685,1336,465,319,268,404,362,19,596,412,1097,1196,1198
RAW,254501,17,1610,1364,438,309,258,488,348,17,566,492,1038,1112,1277
RAW,254591,14,1466,1287,379,298,263,470,351,19,570,521,1006,1176,1253
RAW,254611,22,1489,1291,348,294,263,455,378,19,637,446,1121,1083,1152
RAW,254631,21,1514,1321,333,289,263,453,330,16,597,523,1148,1078,1253
RAW,254651,16,1531,1317,345,287,267,504,333,18,571,560,1021,1116,1188
RAW,254741,13,1647,1346,306,286,269,460,333,19,625,548,1089,1137,1227
RAW,254761,19,1675,1337,299,288,268,493,333,18,610,523,1121,1082,1236
RAW,254781,16,1697,1344,300,289,266,421,349,19,569,519,1085,1119,1263
RAW,254801,18,1704,1328,309,294,266,494,349,19,595,483,955,1168,1344
RAW,254891,16,1757,1336,327,294,265,448,349,17,618,523,1078,1212,3490
RAW,254911,50,1754,1349,327,292,266,466,335,19,629,507,1048,1294,3607
RAW,254931,49,1736,1290,326,290,265,435,378,19,600,519,1074,1271,3679
RAW,254951,50,1743,1328,334,295,266,466,357,19,583,487,1064,1594,3671
RAW,255041,15,1700,1290,340,289,268,460,356,18,581,551,1457,3647,3646
RAW,255061,54,1695,1327,330,289,267,383,352,19,562,570,2424,3680,3801
RAW,255081,55,1655,1267,347,290,266,487,321,19,677,601,3509,3684,3620
RAW,255101,52,1674,1318,330,283,266,463,317,17,608,766,3645,3666,3380
RAW,255191,11,1548,1270,322,292,268,463,371,23,3050,3533,3661,2210,1162
RAW,255211,16,1543,1293,325,288,267,482,342,24,3367,3629,3621,1271,1218
RAW,255231,18,1551,1202,317,289,265,458,426,26,3510,3647,3563,1299,1257
RAW,255251,17,1547,1250,324,289,266,468,557,39,3631,3647,2983,1238,1329
RAW,255341,14,1519,1275,301,295,267,1177,3399,223,3514,1283,1194,1340,1819
RAW,255361,25,1534,1305,303,294,282,2618,3393,237,3300,921,1192,1355,1824
RAW,255381,26,1554,1312,310,293,348,3228,3585,237,1898,685,1182,1343,1816
RAW,255401,25,1541,1330,303,315,1616,3419,3656,232,999,557,1119,1357,1799
RAW,255491,17,1634,1379,1035,3422,3530,3429,779,32,575,447,1160,1414,1420
RAW,255511,24,1667,1385,3168,3619,3469,3267,617,30,578,434,1119,1219,1295
RAW,255531,21,1677,1432,3538,3557,3371,1890,408,21,557,409,1133,1215,1348
RAW,255551,22,1724,2420,3628,3607,3089,955,344,19,517,437,1178,1211,1118
RAW,255641,12,3646,3757,3417,801,288,489,365,19,680,543,1157,1195,1219
RAW,255661,18,3702,3759,3158,544,283,496,359,20,630,546,1222,1161,1176
RAW,255681,20,3740,3739,1615,353,282,512,371,19,613,500,1154,1088,1180
RAW,255701,41,3769,3745,619,316,283,447,341,18,603,437,1160,1166,1254
RAW,255791,48,3772,1739,364,304,266,451,333,19,554,489,1207,1319,1694
RAW,255811,59,3732,1547,322,298,267,422,335,20,613,505,1183,1389,1675
RAW,255831,54,3738,1487,372,294,261,470,355,18,620,507,1255,1470,1699
RAW,255851,60,3640,1501,365,294,264,443,332,18,649,513,1307,1436,1708
RAW,255941,43,1672,1313,320,285,265,431,335,19,701,770,1494,1447,1717
RAW,255961,53,1665,1289,311,278,265,465,317,17,748,795,1509,1462,1722
RAW,255981,39,1648,1317,314,282,264,456,322,17,760,846,1508,1471,1713
RAW,256001,30,1617,1287,297,284,264,432,317,17,763,862,1535,1497,1735
RAW,256091,12,1579,1284,306,285,259,506,312,18,816,782,1532,1565,1752
RAW,256111,19,1592,1299,292,282,263,474,316,19,809,767,1502,1576,1765
RAW,256131,21,1573,1244,299,283,266,435,336,20,808,743,1464,1531,1753
RAW,256151,23,1562,1325,287,284,268,466,325,19,832,703,1395,1394,1652
RAW,256241,11,1552,1290,297,285,266,520,411,20,797,584,1136,1251,1524
RAW,256261,22,1550,1289,299,286,265,515,405,19,796,582,1134,1247,1522
RAW,256281,23,1549,1288,299,287,264,515,407,21,794,582,1133,1247,1523
RAW,256301,19,1549,1286,300,286,265,515,406,20,792,582,1139,1247,1529
RAW,256391,10,1559,1293,298,287,265,516,409,19,760,561,1134,1241,1563
RAW,256411,21,1571,1237,301,283,264,493,400,19,776,631,1208,1212,1623
RAW,256431,22,1563,1321,288,287,266,466,374,20,775,673,1211,1125,1610
RAW,256451,21,1559,1326,288,288,266,473,378,20,775,671,1210,1123,1605
RAW,256541,12,1563,1325,288,288,266,475,378,21,773,672,1211,1127,1607
RAW,256561,20,1559,1331,291,288,268,476,379,20,775,669,1200,1119,1601
RAW,256581,20,1560,1322,287,288,267,480,378,21,770,669,1207,1122,1602
RAW,256601,23,1562,1322,287,287,268,479,375,21,770,671,1211,1123,1603
RAW,256691,12,1563,1319,287,286,268,484,376,19,768,663,1194,1115,1604
RAW,256711,20,1561,1319,285,286,268,481,376,19,770,663,1192,1114,1604
RAW,256731,19,1561,1320,285,287,268,481,376,20,768,661,1190,1115,1602
RAW,256751,21,1561,1319,285,286,268,484,375,20,768,659,1191,1113,1603
RAW,256841,12,1561,1319,285,287,268,485,374,20,766,662,1194,1115,1604
RAW,256861,19,1562,1319,286,287,268,482,376,19,769,665,1196,1114,1604
RAW,256881,21,1560,1318,287,287,268,484,375,19,769,665,1197,1116,1602
RAW,256901,20,1560,1320,286,287,269,484,375,20,770,663,1196,1116,1602
RAW,256991,12,1559,1317,287,286,269,487,375,20,768,667,1203,1121,1603
RAW,257011,20,1559,1316,287,287,269,484,373,19,768,666,1205,1119,1603
RAW,257031,20,1560,1317,286,287,268,485,374,20,767,667,1207,1122,1603
RAW,257051,19,1559,1315,287,286,269,486,373,19,768,668,1208,1120,1603
RAW,257141,13,1559,1314,288,288,269,489,375,19,767,667,1210,1121,1603
RAW,257161,21,1558,1314,288,286,271,488,374,19,766,667,1208,1122,1603
RAW,257181,22,1561,1314,288,286,269,491,373,20,766,667,1207,1118,1603
RAW,257201,20,1559,1313,288,287,268,489,374,19,768,666,1206,1117,1603
RAW,257291,12,1559,1312,289,286,270,490,372,20,764,660,1196,1115,1605
RAW,257311,21,1561,1313,290,286,269,491,373,19,766,662,1194,1112,1603
RAW,257331,21,1561,1314,289,286,270,492,374,20,764,660,1196,1114,1604
RAW,257351,19,1560,1315,289,285,268,489,373,20,765,661,1197,1114,1604
RAW,257441,13,1563,1314,289,286,270,492,373,18,766,666,1203,1117,1604
RAW,257461,21,1560,1311,290,286,269,492,372,19,768,665,1205,1116,1605
RAW,257481,20,1560,1311,290,287,269,492,374,20,768,667,1204,1118,1604
RAW,257501,20,1560,1312,290,287,269,492,373,20,767,667,1206,1119,1606
RAW,257591,13,1557,1311,290,288,270,494,371,19,765,669,1209,1120,1603
RAW,257611,21,1558,1310,291,286,271,494,372,19,765,670,1207,1121,1607
RAW,257631,19,1558,1310,291,288,269,494,373,20,767,667,1207,1121,1606
RAW,257651,22,1558,1311,291,287,271,495,374,17,767,665,1204,1118,1606
RAW,257741,14,1558,1310,291,286,271,497,373,19,766,667,1202,1117,1607
RAW,257761,18,1560,1311,291,287,271,494,372,19,766,664,1202,1117,1606
RAW,257781,21,1559,1310,291,286,271,495,371,19,766,665,1201,1119,1608
RAW,257801,22,1558,1309,291,287,270,496,372,20,768,667,1202,1117,1609
RAW,257891,12,1558,1308,292,287,270,498,372,19,767,668,1205,1117,1607
RAW,257911,23,1558,1310,291,287,271,497,372,19,768,667,1203,1119,1609
RAW,257931,20,1560,1310,291,286,271,495,372,20,767,666,1200,1118,1607
RAW,257951,20,1559,1309,291,287,270,497,371,19,768,665,1200,1117,1609
RAW,258041,13,1559,1310,292,287,271,496,371,19,768,667,1202,1119,1606
RAW,258061,22,1559,1311,292,287,270,497,374,18,770,667,1203,1118,1607
RAW,258081,21,1558,1310,292,285,270,499,372,19,768,666,1204,1117,1608
RAW,258101,21,1558,1310,292,287,270,495,371,20,769,668,1204,1117,1609
RAW,258191,11,1559,1310,292,287,270,498,372,20,770,670,1205,1122,1606
RAW,258211,21,1558,1307,292,286,270,498,371,21,771,670,1206,1118,1609
RAW,258231,20,1557,1308,292,286,270,497,372,19,770,670,1207,1120,1609
RAW,258251,22,1557,1309,292,286,271,497,372,20,769,673,1208,1120,1607
RAW,258341,13,1557,1308,293,288,271,499,371,18,768,670,1207,1119,1607
RAW,258361,21,1555,1308,293,287,271,497,372,20,768,670,1203,1118,1608
RAW,258381,20,1557,1307,293,286,272,498,370,20,768,667,1204,1117,1607
RAW,258401,22,1556,1307,292,286,272,498,372,20,768,666,1202,1117,1608
RAW,258491,12,1556,1306,294,287,271,502,372,21,768,662,1196,1114,1604
RAW,258511,22,1556,1307,293,287,272,500,371,19,766,664,1198,1116,1606
RAW,258531,22,1559,1307,292,286,272,500,370,21,767,665,1199,1115,1608
RAW,258551,21,1556,1305,292,287,272,501,370,20,770,666,1199,1117,1606
RAW,258641,12,1556,1301,294,287,272,504,370,20,768,669,1201,1118,1609
RAW,258661,19,1555,1300,295,287,272,504,370,19,768,668,1202,1115,1607
RAW,258681,21,1554,1303,296,288,271,503,371,18,768,667,1202,1118,1605
RAW,258701,20,1556,1302,296,287,273,504,368,19,767,669,1200,1118,1607
RAW,258791,13,1555,1300,296,287,273,503,370,20,768,664,1196,1114,1604
RAW,258811,22,1555,1300,295,288,273,506,371,20,769,666,1198,1113,1601
RAW,258831,21,1554,1300,296,288,274,506,370,19,770,664,1195,1113,1602
RAW,258851,22,1555,1300,297,287,272,506,369,21,768,664,1195,1112,1599
RAW,258941,12,1553,1301,296,288,274,506,370,18,769,663,1195,1112,1599
RAW,258961,20,1556,1298,296,287,273,505,369,19,767,666,1194,1113,1604
RAW,258981,22,1553,1298,296,288,273,506,370,19,768,665,1197,1113,1604
RAW,259001,20,1552,1300,296,287,274,506,370,20,770,665,1198,1116,1603
RAW,259091,13,1552,1298,296,287,274,508,370,20,768,668,1202,1116,1604
RAW,259111,23,1552,1299,296,289,273,507,370,19,770,668,1205,1116,1605
RAW,259131,22,1553,1299,296,287,274,505,370,20,768,670,1203,1120,1602
RAW,259151,20,1552,1298,297,287,273,507,369,19,769,670,1203,1115,1602
RAW,259241,12,1551,1298,296,288,274,508,369,19,768,669,1206,1118,1604
RAW,259261,22,1552,1298,296,287,274,506,369,19,767,669,1205,1118,1604
RAW,259281,20,1554,1300,296,287,273,505,369,19,768,670,1205,1118,1605
RAW,259301,21,1551,1299,295,287,273,507,370,19,770,673,1209,1120,1602
RAW,259391,12,1551,1298,296,288,274,507,370,20,767,673,1210,1122,1604
RAW,259411,22,1552,1298,296,287,274,508,370,20,768,673,1211,1120,1605
RAW,259431,21,1551,1299,297,287,274,507,370,20,768,672,1210,1122,1603
RAW,259451,21,1553,1297,297,287,273,507,369,18,767,671,1211,1122,1604
RAW,259541,13,1553,1297,296,286,274,505,368,19,767,671,1211,1120,1607
RAW,259561,23,1551,1299,297,288,273,506,370,19,769,675,1212,1121,1603
RAW,259581,21,1552,1298,297,288,274,505,370,20,767,671,1211,1121,1604
RAW,259601,21,1553,1298,297,288,273,507,369,20,767,672,1211,1120,1604
RAW,259691,13,1551,1299,297,288,274,507,369,19,767,673,1217,1124,1603
RAW,259711,21,1553,1298,297,286,273,507,369,20,768,676,1218,1126,1605
RAW,259731,21,1551,1297,297,288,274,508,368,19,768,675,1219,1126,1605
RAW,259751,24,1551,1297,297,288,274,509,370,20,768,674,1216,1124,1604
RAW,259841,14,1552,1295,298,288,275,511,370,20,764,673,1218,1128,1605
RAW,259861,22,1554,1298,298,287,274,510,369,18,765,673,1221,1128,1607
RAW,259881,22,1551,1296,297,287,274,509,369,19,766,675,1222,1131,1606
RAW,259901,20,1552,1297,298,288,274,509,369,19,766,675,1220,1129,1607
RAW,259991,13,1550,1296,296,288,275,512,369,19,764,676,1226,1132,1607
RAW,260011,22,1550,1298,296,289,274,510,369,21,763,674,1226,1132,1608
RAW,260031,21,1553,1297,296,287,274,508,371,18,763,675,1225,1133,1608
RAW,260051,22,1550,1295,297,288,275,508,369,20,764,675,1227,1131,1610
RAW,260141,12,1550,1297,297,288,274,512,370,19,763,674,1228,1134,1608
RAW,260161,22,1551,1297,298,289,275,512,370,20,763,673,1225,1135,1608
RAW,260181,22,1552,1297,298,289,275,512,369,19,764,674,1226,1132,1610
RAW,260201,24,1550,1297,297,288,275,512,369,19,762,674,1226,1134,1608
RAW,260291,14,1552,1296,297,288,274,512,368,20,760,670,1222,1133,1610
RAW,260311,23,1552,1297,297,288,275,512,368,19,761,671,1220,1129,1606
RAW,260331,21,1550,1296,297,288,275,512,370,19,761,669,1221,1129,1606
RAW,260351,20,1551,1296,298,288,275,512,368,20,760,671,1221,1130,1608
RAW,260441,13,1554,1296,298,288,276,513,369,19,759,671,1225,1132,1611
RAW,260461,23,1551,1295,296,288,275,512,367,18,759,672,1226,1133,1611
RAW,260481,22,1550,1295,296,288,275,512,369,20,758,671,1226,1135,1608
RAW,260501,20,1549,1295,297,288,275,512,368,19,759,670,1228,1135,1608
RAW,260591,13,1550,1295,297,289,275,512,367,20,758,669,1227,1136,1610
RAW,260611,22,1548,1296,297,290,275,512,369,19,758,671,1227,1137,1610
RAW,260631,22,1550,1295,296,288,275,512,368,19,756,671,1227,1135,1608
RAW,260651,22,1549,1295,296,287,275,512,369,19,759,667,1223,1134,1608
RAW,260741,13,1550,1296,297,287,277,514,369,19,758,667,1218,1129,1610
RAW,260761,21,1550,1294,298,288,275,512,367,19,756,665,1217,1129,1608
RAW,260781,23,1551,1294,296,288,275,512,368,20,757,665,1219,1127,1610
RAW,260801,22,1548,1294,297,288,275,513,369,20,757,669,1217,1128,1610
RAW,260891,14,1550,1296,296,288,274,514,367,20,757,666,1219,1127,1609
RAW,260911,21,1550,1294,297,289,276,513,368,19,758,665,1219,1129,1608
RAW,260931,21,1552,1292,296,288,275,512,368,20,757,668,1218,1129,1608
RAW,260951,21,1550,1296,296,288,275,512,368,19,758,667,1219,1128,1608
RAW,261041,12,1550,1296,296,287,276,512,367,20,756,667,1220,1130,1610
RAW,261061,22,1551,1295,297,288,276,512,368,19,757,667,1219,1127,1607
RAW,261081,21,1552,1295,297,288,275,513,369,19,757,666,1221,1131,1608
RAW,261101,22,1547,1295,296,288,275,511,366,20,755,666,1220,1131,1607
RAW,261191,13,1552,1295,298,287,276,512,368,20,755,667,1224,1136,1608
RAW,261211,22,1551,1293,296,288,275,512,367,20,756,667,1227,1135,1610
RAW,261231,22,1550,1292,297,288,275,512,368,19,755,666,1225,1135,1608
RAW,261251,21,1551,1294,298,288,275,513,368,19,755,668,1225,1134,1608
RAW,261341,14,1552,1292,298,288,276,512,365,20,754,663,1214,1123,1608
RAW,261361,22,1550,1294,297,288,275,513,369,19,755,664,1213,1126,1608
RAW,261381,21,1551,1293,297,287,276,512,367,20,754,665,1215,1127,1607
RAW,261401,20,1553,1292,297,289,275,515,369,19,755,662,1213,1124,1608
RAW,261491,13,1550,1293,298,288,277,515,368,19,754,666,1215,1128,1607
RAW,261511,21,1552,1294,297,287,276,513,367,19,755,665,1218,1127,1607
RAW,261531,22,1553,1292,297,288,275,512,368,19,756,666,1221,1130,1610
RAW,261551,22,1550,1294,297,288,276,513,370,20,756,669,1221,1131,1608
RAW,261641,11,1550,1294,297,288,276,514,368,19,754,670,1227,1136,1607
RAW,261661,22,1553,1294,298,288,276,515,367,20,757,668,1230,1135,1609
RAW,261681,21,1551,1297,297,288,276,514,368,19,757,667,1228,1138,1609
RAW,261701,21,1552,1295,297,287,277,513,367,19,755,669,1227,1133,1612
RAW,261791,13,1551,1293,297,288,276,514,367,19,754,667,1226,1134,1610
RAW,261811,23,1552,1295,297,288,276,514,369,19,755,666,1224,1134,1609
RAW,261831,21,1553,1294,297,288,277,516,367,20,755,666,1224,1135,1609
RAW,261851,23,1552,1296,297,288,275,513,367,19,754,666,1225,1134,1611
RAW,261941,12,1551,1295,297,288,276,514,368,19,756,668,1227,1135,1610
RAW,261961,22,1552,1293,297,288,276,514,367,21,755,669,1227,1136,1611
RAW,261981,21,1552,1294,297,288,276,516,367,17,756,667,1227,1136,1612
RAW,262001,22,1552,1297,296,289,276,513,368,19,755,667,1228,1137,1611
RAW,262091,14,1551,1295,299,289,276,514,366,18,754,667,1224,1135,1610
RAW,262111,22,1553,1295,298,289,276,517,367,19,755,667,1227,1135,1614
RAW,262131,22,1553,1297,297,289,277,515,369,19,756,668,1227,1136,1610
RAW,262151,23,1551,1294,298,289,276,516,368,19,754,667,1226,1137,1611
RAW,262241,14,1551,1297,297,289,276,517,368,19,755,667,1228,1138,1612
RAW,262261,23,1553,1296,298,287,276,514,367,19,754,668,1228,1137,1611
RAW,262281,20,1551,1293,297,288,276,515,368,19,754,668,1229,1139,1613
RAW,262301,21,1550,1294,297,288,277,516,370,20,756,667,1228,1139,1611
RAW,262391,13,1552,1295,298,288,277,517,368,19,754,668,1228,1137,1611
RAW,262411,22,1550,1295,299,288,277,519,368,20,753,666,1227,1138,1611
RAW,262431,23,1551,1296,296,289,276,516,368,19,754,667,1227,1138,1611
RAW,262451,21,1549,1295,297,288,278,516,368,19,751,666,1227,1140,1612
RAW,262541,13,1551,1294,297,288,277,516,368,19,753,669,1229,1141,1613
RAW,262561,22,1550,1297,297,288,278,516,369,19,751,663,1227,1139,1613
RAW,262581,21,1550,1295,297,288,277,518,368,20,751,665,1228,1140,1610
RAW,262601,22,1553,1295,297,288,277,515,367,19,751,664,1229,1141,1614
RAW,262691,14,1552,1297,297,289,277,516,369,19,752,664,1228,1143,1613
RAW,262711,22,1550,1294,298,289,277,516,368,20,751,664,1229,1140,1612
RAW,262731,22,1550,1296,297,288,278,517,368,19,751,663,1229,1141,1612
RAW,262751,22,1549,1297,298,288,276,516,368,19,750,664,1228,1142,1611
RAW,262841,13,1551,1295,297,288,276,516,367,19,749,662,1227,1140,1611
RAW,262861,22,1550,1294,296,288,277,516,369,19,749,663,1226,1140,1610
RAW,262881,22,1549,1296,298,288,277,516,369,19,748,665,1227,1140,1609
RAW,262901,20,1551,1295,297,288,276,517,368,19,747,661,1229,1142,1611
RAW,262991,13,1548,1293,297,289,277,515,370,20,749,665,1236,1152,1610
RAW,263011,22,1549,1291,298,286,277,515,366,20,747,661,1232,1147,1611
RAW,263031,22,1551,1291,296,288,277,513,367,20,746,663,1236,1149,1612
RAW,263051,22,1547,1292,297,288,277,515,369,19,747,663,1234,1150,1610
RAW,263141,13,1550,1291,298,289,276,516,368,19,745,662,1232,1145,1610
RAW,263161,23,1550,1291,298,289,277,514,368,19,746,659,1228,1143,1610
RAW,263181,21,1551,1292,298,287,277,515,369,20,745,660,1226,1140,1609
RAW,263201,21,1552,1292,298,288,277,515,367,20,746,658,1227,1139,1613
RAW,263291,14,1548,1293,297,287,276,514,367,20,745,661,1230,1147,1612
RAW,263311,21,1551,1294,297,288,277,516,367,20,747,663,1227,1144,1610
RAW,263331,21,1550,1296,296,289,277,516,368,18,746,660,1227,1144,1610
RAW,263351,22,1550,1295,298,287,277,515,367,20,744,660,1229,1147,1611
RAW,263441,15,1552,1295,297,288,276,517,367,20,745,659,1234,1150,1611
RAW,263461,22,1550,1295,297,288,277,515,367,19,744,663,1233,1152,1612
RAW,263481,22,1550,1294,297,288,277,515,368,18,746,660,1233,1147,1611
RAW,263501,22,1551,1295,297,288,277,515,368,19,744,660,1230,1149,1610
RAW,263591,13,1552,1293,298,288,277,519,369,20,741,656,1227,1146,1612
RAW,263611,22,1550,1297,297,289,278,516,368,20,743,659,1232,1148,1612
RAW,263631,22,1549,1295,297,288,278,516,367,21,742,658,1229,1152,1612
RAW,263651,22,1551,1295,297,288,277,517,369,20,745,659,1228,1146,1613
RAW,263741,12,1550,1293,296,289,277,516,369,21,742,660,1228,1149,1613
RAW,263761,22,1550,1293,299,289,277,519,368,18,741,657,1228,1148,1614
RAW,263781,22,1550,1296,297,288,277,515,367,19,740,656,1231,1149,1615
RAW,263801,21,1553,1295,297,288,276,516,367,20,743,659,1231,1151,1614
RAW,263891,14,1551,1294,298,288,278,518,368,19,741,658,1229,1150,1614
RAW,263911,21,1552,1295,298,288,277,516,369,20,742,659,1233,1152,1615
RAW,263931,22,1551,1295,298,288,277,517,368,19,741,659,1231,1152,1614
RAW,263951,22,1551,1296,297,288,276,518,369,19,743,657,1234,1152,1615
RAW,264041,11,1552,1296,299,289,278,516,368,19,741,656,1231,1152,1614
RAW,264061,21,1554,1294,298,289,277,519,367,20,741,655,1232,1152,1615
RAW,264081,22,1552,1296,297,288,277,517,369,20,743,657,1230,1150,1614
RAW,264101,24,1552,1294,298,287,277,518,369,20,740,656,1233,1151,1616
RAW,264191,11,1551,1296,297,288,277,518,368,19,741,655,1231,1150,1616
RAW,264211,21,1552,1296,297,289,276,515,368,19,741,656,1230,1152,1616
RAW,264231,21,1551,1294,296,289,277,517,368,17,740,656,1230,1149,1618
RAW,264251,21,1551,1295,297,288,277,518,369,21,742,654,1229,1148,1618
RAW,264341,13,1552,1295,297,287,276,516,368,20,740,654,1225,1145,1615
RAW,264361,22,1552,1295,297,289,277,518,367,20,742,653,1225,1145,1617
RAW,264381,23,1552,1295,298,287,278,516,369,21,740,655,1226,1144,1616
RAW,264401,21,1552,1292,298,289,277,518,367,21,739,655,1227,1144,1615
RAW,264491,14,1551,1293,296,287,277,515,368,19,743,655,1228,1146,1616
RAW,264511,22,1550,1293,298,288,278,517,367,20,740,654,1225,1144,1615
RAW,264531,20,1550,1293,297,288,277,517,367,20,740,655,1226,1145,1614
RAW,264551,23,1551,1294,298,288,277,514,368,19,741,656,1225,1145,1614