RAW,117525,24,1662,1312,290,284,257,446,318,23,497,436,1036,1234,1422
RAW,117545,23,1661,1311,290,285,256,445,319,24,493,437,1038,1231,1426
RAW,117565,23,1661,1312,291,284,257,445,319,23,495,435,1036,1232,1425
RAW,117675,25,1662,1311,289,285,257,445,320,24,496,436,1035,1232,1425
RAW,117695,22,1664,1312,291,283,256,446,319,23,497,437,1036,1232,1426
RAW,117715,26,1664,1311,290,285,256,447,320,24,494,437,1036,1234,1426
RAW,117825,26,1663,1312,290,284,256,446,318,23,496,438,1036,1233,1422
RAW,117845,25,1663,1314,290,285,257,448,319,23,497,436,1037,1232,1422
RAW,117865,24,1663,1313,288,285,256,446,320,25,495,438,1037,1230,1422
RAW,117975,25,1660,1314,289,284,257,446,319,23,496,438,1038,1230,1417
RAW,117995,23,1662,1313,290,284,256,448,319,23,496,438,1035,1230,1417
RAW,118015,25,1662,1313,290,284,257,447,319,24,498,438,1036,1229,1418
RAW,118125,25,1661,1312,290,285,256,447,320,24,496,438,1037,1230,1419
RAW,118145,24,1660,1312,290,284,257,446,319,22,495,438,1037,1231,1419
RAW,118165,25,1660,1314,290,284,257,447,320,23,496,440,1038,1229,1421
RAW,118275,22,1662,1312,289,286,256,447,321,25,496,439,1038,1231,1422
RAW,118295,25,1661,1311,289,284,256,448,319,24,496,440,1038,1231,1423
RAW,118315,23,1658,1312,290,284,256,446,320,22,497,439,1038,1232,1424
RAW,118425,23,1658,1311,289,285,256,447,320,23,498,438,1037,1234,1428
RAW,118445,23,1659,1311,289,285,256,447,319,23,498,439,1039,1233,1429
RAW,118465,24,1657,1309,290,285,257,448,320,23,496,438,1037,1232,1428
RAW,118575,22,1658,1312,290,285,257,447,319,22,497,439,1038,1233,1429
RAW,118595,23,1658,1312,289,284,257,447,319,23,496,438,1038,1234,1429
RAW,118615,22,1658,1310,289,286,256,444,319,23,496,439,1037,1233,1430
RAW,118725,24,1655,1311,289,284,257,448,319,25,497,439,1037,1235,1430
RAW,118745,23,1657,1311,289,285,254,448,319,22,497,438,1037,1235,1430
RAW,118765,24,1657,1309,289,283,256,447,320,23,497,438,1036,1235,1430
RAW,118875,23,1654,1309,290,285,257,445,320,23,497,438,1036,1236,1438
RAW,118895,23,1654,1309,291,285,256,447,319,24,496,436,1038,1236,1437
RAW,118915,23,1654,1310,289,284,256,446,320,22,495,439,1036,1234,1434
RAW,119025,23,1655,1311,289,284,257,446,318,24,497,438,1037,1234,1430
RAW,119045,24,1658,1309,289,285,256,446,319,24,495,438,1038,1234,1431
RAW,119065,23,1656,1310,290,282,257,445,320,25,496,436,1038,1234,1431
RAW,119175,23,1655,1309,289,284,256,444,320,24,495,435,1035,1234,1432
RAW,119195,24,1656,1308,289,283,257,446,319,24,497,436,1035,1231,1430
RAW,119215,22,1656,1310,289,285,257,445,319,23,494,436,1035,1232,1431
RAW,119325,23,1658,1310,290,285,257,447,319,24,497,438,1038,1233,1430
RAW,119345,24,1658,1310,290,284,256,446,319,23,496,438,1035,1231,1431
RAW,119365,23,1656,1311,290,285,257,445,320,23,496,437,1036,1232,1431
RAW,119475,23,1650,1312,290,284,256,446,319,23,496,437,1032,1237,1435
RAW,119495,24,1649,1309,289,284,256,445,318,23,495,437,1030,1239,1438
RAW,119515,23,1647,1310,291,284,257,446,319,23,497,435,1031,1240,1443
RAW,119625,21,1650,1310,290,286,256,444,320,24,495,435,1032,1244,1443
RAW,119645,24,1650,1308,291,285,257,445,319,24,495,435,1034,1246,1444
RAW,119665,24,1649,1310,290,283,256,445,320,23,494,438,1031,1246,1450
RAW,119775,25,1644,1311,291,284,258,443,320,25,497,436,1030,1253,1464
RAW,119795,23,1640,1308,291,285,256,443,320,24,497,437,1029,1252,1471
RAW,119815,23,1642,1311,290,285,256,443,320,24,495,435,1030,1250,1471
RAW,119925,24,1649,1310,290,284,256,444,320,22,495,434,1031,1249,1454
RAW,119945,24,1650,1309,290,284,257,445,319,24,496,435,1030,1246,1454
RAW,119965,23,1649,1310,291,284,256,446,318,23,494,436,1031,1245,1452
RAW,120075,25,1651,1310,290,284,257,443,318,22,496,437,1032,1246,1447
RAW,120095,21,1650,1311,290,284,257,443,318,24,495,435,1033,1247,1447
RAW,120115,24,1652,1311,290,286,256,443,319,24,495,436,1032,1247,1449
RAW,120225,23,1652,1313,290,284,257,446,318,24,494,435,1031,1250,1453
RAW,120245,23,1655,1312,289,285,256,445,319,24,496,436,1032,1251,1453
RAW,120265,25,1653,1312,290,284,256,445,319,23,498,437,1032,1250,1453
RAW,120375,22,1651,1311,288,284,257,444,320,25,496,436,1034,1249,1448
RAW,120395,25,1654,1311,291,283,257,446,319,22,494,436,1034,1252,1453
RAW,120415,25,1655,1312,288,285,256,445,320,23,495,438,1034,1251,1458
RAW,120525,24,1659,1313,290,284,257,445,319,25,498,437,1033,1256,1460
RAW,120545,23,1661,1311,289,284,256,444,319,28,496,437,1032,1252,1462
RAW,120565,23,1658,1313,290,284,256,445,319,24,495,434,1034,1252,1459